category,subcategory,label,prompt,
Person,Subject,1女孩,1girl,
Person,Subject,1男孩,1boy,
Person,Subject,2女孩,2girls,
Person,Subject,2男孩,2boys,
Person,Subject,3女孩,3girls,
Person,Subject,3男孩,3boys,
Person,Subject,女孩,girl,
Person,Subject,男孩,boy,
Person,Subject,单人,solo,
Person,Subject,多个女孩,multiple_girls,
Person,Subject,小女孩,little_girl,
Person,Subject,小男孩,little_boy,
Person,Subject,正太,shota,
Person,Subject,萝莉,loli,
Person,Subject,幼童,toddler,
Person,Subject,幼儿园,kindergartener,
Person,Subject,儿童,child,
Person,Subject,未成年,underage,
Person,Subject,青少年,teenager,
Person,Subject,青少年,teen,
Person,Subject,青少年早期,early teen,
Person,Subject,大人,adult,
Person,Subject,老人,elder,
Person,Subject,老年,old,
Person,Subject,可爱,kawaii,
Person,Subject,雌小鬼,mesugaki,
Person,Subject,可爱的女孩,adorable_girl,
Person,Subject,美少女,bishoujo,
Person,Subject,辣妹,gyaru,
Person,Subject,姐妹,sisters,
Person,Subject,大小姐,ojousama,
Person,Subject,女性,female,
Person,Subject,成熟女性,mature_female,
Person,Subject,成熟,mature,
Person,Subject,痴女,female_pervert,
Person,Subject,男性,male,
Person,Subject,熟女,milf,
Person,Subject,伪娘,otoko_no_ko,
Person,Subject,伪娘,crossdressing,
Person,Identity,救生员,lifeguard,
Person,Identity,拳击手,boxer,
Person,Identity,科学家,scientist,
Person,Identity,运动员,athletes,
Person,Identity,职场女性,office lady,
Person,Identity,和尚,monk,
Person,Identity,杂技演员,acrobat,
Person,Identity,修女,nun,
Person,Identity,护士,nurse,
Person,Identity,空姐,stewardess,
Person,Identity,学生,student,
Person,Identity,女服务员,waitress,
Person,Identity,老师,teacher,
Person,Identity,赛车手,racer,
Person,Identity,警察,police,
Person,Identity,士兵,soldier,
Person,Identity,啦啦队,cheerleader,
Person,Identity,男演员,actor,
Person,Identity,女演员,actress,
Person,Identity,间谍,spy,
Person,Identity,特工,agent,
Person,Identity,刺客,assassin,
Person,Identity,诗人,poet,
Person,Identity,日本武士,samurai,
Person,Identity,舞女,dancing girl,
Person,Identity,摩托车手,motorcyclist,
Person,Identity,黑客,hacker,
Person,Identity,魔术师,magician,
Person,Identity,侦探,detective,
Person,Identity,人偶,doll,
Person,Identity,女仆,maid,
Person,Identity,飞行员,pilot,
Person,Identity,潜水员,diver,
Person,Identity,酒吧审查员,bar censor,
Person,Identity,传教士,missionary,
Person,Identity,消防员,firefighter,
Person,Identity,守门员,goalkeeper,
Person,Identity,厨师,chef,
Person,Identity,宇航员,astronaut,
Person,Identity,收银员,cashier,
Person,Identity,邮递员,mailman,
Person,Identity,咖啡师,barista,
Person,Identity,隐士,the hermit,
Person,Identity,牧羊人,makihitsuji,
Person,Identity,办公室小姐,office_lady,
Person,Identity,赛车女郎,race_queen,
Person,Identity,女王,queen,
Person,Identity,医生,doctor,
Person,Identity,骑士,knight,
Person,Identity,女仆,housemaid,
Person,Identity,舞者,dancer,
Person,Identity,芭蕾舞演员,ballerina,
Person,Identity,体操教练,gym_leader,
Person,Identity,伪娘,trap,
Person,Identity,女人,female,
Person,Identity,后宫,harem,
Person,Identity,偶像,idol,
Person,Identity,男人,male,
Person,Identity,牧师,priest,
Person,Identity,神职人员(基督教),cleric,
Person,Identity,和風女仆,wa_maid,
Person,Identity,搞基,yaoi,
Person,Identity,百合,yuri,
Person,Identity,白化病患者,albino,
Person,Identity,截肢者,amputee,
Person,Character,宝可梦,pokemon,
Person,Character,泰迪熊,teddy bear,
Person,Character,马里奥,mario,
Person,Character,皮卡丘,pikachu,
Person,Character,初音未来,hatsune miku,
Person,Character,哈利波特,harry potter,
Person,Character,哆啦A梦,doraemon,
Person,Character,圣斗士星矢,saint seiya,
Person,Character,五条悟,gojou satoru,
Person,Character,复仇者联盟,avengers,
Person,Character,神奇女侠,mazinger,
Person,Character,美国队长,captain america,
Person,Character,蜡笔小新,crayon shin-chan,
Person,Character,灌篮高手,slam dunk,
Person,Character,孙悟空,sun wukong,
Person,Character,女巫,witch,
Person,Character,巫女,miko,
Person,Character,忍者,ninja,
Person,Character,吸血鬼,vampire,
Person,Character,骑士,knight,
Person,Character,魔法少女,magical_girl,
Person,Character,半兽人,orc,
Person,Character,德鲁伊,druid,
Person,Character,妖精,elf,
Person,Character,小精灵,fairy,
Person,Character,兽人,furry,
Person,Character,美人鱼,mermaid,
Person,Character,假面骑士,kamen rider,
Person,Character,魔导师,magister,
Person,Character,蜘蛛侠,spider-man,
Person,Character,圣诞老人,santa alter,
Person,Character,人外娘,monster_girl,
Person,Character,猫娘,cat_girl,
Person,Character,犬娘,dog_girl,
Person,Character,狐娘,fox_girl,
Person,Character,狐妖,kitsune,
Person,Character,九尾狐,kyuubi,
Person,Character,浣熊娘,raccoon_girl,
Person,Character,狼女孩,wolf_girl,
Person,Character,兔娘,bunny_girl,
Person,Character,马娘,horse_girl,
Person,Character,牛娘,cow_girl,
Person,Character,龙娘,dragon_girl,
Person,Character,半人马,centaur,
Person,Character,史莱姆娘,slime_musume,
Person,Character,蜘蛛娘,spider_girl,
Person,Character,女王(SM中),dominatrix,
Person,Character,美少女战士,sailor_senshi,
Person,Character,机甲,mecha,
Person,Character,机甲娘,mecha_musume,
Person,Character,类人机器人,humanoid_robot_,
Person,Character,半机械人,cyborg,
Person,Character,天使,angel,
Person,Character,魔鬼,devil,
Person,Character,暗精灵,dark_elf,
Person,Character,小恶魔,imp,
Person,Character,魅魔,succubus,
Person,Character,女巨人,giantess,
Person,Character,迷你女孩,minigirl,
Person,Character,怪物,monster,
Person,Character,非人,no humans,
Person,Character,新世纪福音战士,neon genesis evangelion,
Person,Skin,白皮肤,white_skin,
Person,Skin,苍白的皮肤,pale_skin,
Person,Skin,白皙的皮肤,fair_skin,
Person,Skin,棕色皮肤,brown_skin,
Person,Skin,深色皮肤,deep_skin,
Person,Skin,黑皮肤,dark_skin,
Person,Skin,黑皮肤,black_skin,
Person,Skin,有光泽的皮肤,shiny_skin,
Person,Skin,发光的皮肤,glowing_skin,
Person,Skin,纹身,tattoo,
Person,Skin,日晒,tan,
Person,Skin,日晒痕迹,tanlines,
Person,Skin,油性,oil,
Person,Skin,象牙色皮肤,ivory_skin,
Person,Skin,小麦色皮肤,wheatish_skin,
Person,Skin,橄榄色皮肤,olive_skin,
Person,Skin,古铜色皮肤,bronze_skin,
Person,Skin,桃花色皮肤,peachy_skin,
Person,Skin,玫瑰色皮肤,rosy_skin,
Person,Skin,晒伤,sunburn,
Person,Skin,雀斑,freckles,
Person,Skin,痣,moles,
Person,Skin,胎记,birthmark,
Person,Skin,疤痕,scar,
Person,Skin,皱纹,wrinkles,
Person,Skin,皮肤干燥,dry_skin,
Person,Skin,皮肤粗糙,rough_skin,
Person,Skin,皮肤光滑,smooth_skin,
Person,Skin,皮肤敏感,sensitive_skin,
Person,Skin,痘痘,acne,
Person,Skin,粉刺,pimples,
Person,Skin,黑头,blackheads,
Person,Skin,白头,whiteheads,
Person,Body,骨感,skinny,
Person,Body,丰满,plump,
Person,Body,魔鬼身材,curvy,
Person,Body,辣妹(日本太妹),gyaru,
Person,Body,怀孕,pregnant,
Person,Body,肥胖,fat,
Person,Body,瘦,thin,
Person,Body,苗条,slender,
Person,Body,魅力,glamor,
Person,Body,高大,tall,
Person,Body,娇小,petite,
Person,Body,萌萌,chibi,
Person,Body,肌肉,muscular,
Person,Body,中等身材,average build,
Person,Body,健壮,robust,
Person,Body,纤细,slim,
Person,Body,运动员身材,athletic build,
Person,Body,梨形身材,pear-shaped body,
Person,Body,苹果型身材,apple-shaped body,
Person,Body,沙漏型身材,hourglass figure,
Person,Body,倒三角形身材,inverted triangle body,
Person,Body,中等身高,average height,
Person,Body,矮,short,
Person,Body,柔弱,frail,
Person,Body,丰腴,voluptuous,
Person,Body,有曲线美,shapely,
Person,Body,发育良好,well-developed,
Person,Body,发育欠佳,underdeveloped,
Person,Body,超重,overweight,
Person,Body,肥胖的,obese,
Person,FaceShape,瘦脸,slender face,
Person,FaceShape,圆脸,round face,
Person,FaceShape,鹅蛋脸,oval face,
Person,FaceShape,娃娃脸,baby face,
Person,FaceShape,倒三角脸,inverted triangle face,
Person,FaceShape,心形脸,heart shaped face,
Person,FaceShape,菱形脸,diamond face,
Person,FaceShape,方脸,square face,
Person,FaceShape,长脸,long face,
Person,FaceShape,三角脸,triangular face,
Person,FaceShape,窄脸,narrow face,
Person,FaceShape,宽脸,wide face,
Person,FaceShape,尖下巴,pointed chin,
Person,FaceShape,圆下巴,round chin,
Person,FaceShape,方下巴,square chin,
Person,FaceShape,双下巴,double chin,
Person,FaceShape,高颧骨,high cheekbones,
Person,FaceShape,低颧骨,low cheekbones,
Person,FaceShape,突出颧骨,prominent cheekbones,
Person,FaceShape,高额头,high forehead,
Person,FaceShape,低额头,low forehead,
Person,FaceShape,宽额头,wide forehead,
Person,FaceShape,窄额头,narrow forehead,
Person,FaceShape,强壮的颌骨,strong jawline,
Person,FaceShape,柔和的颌骨,soft jawline,
Person,FaceShape,梨形脸,pear-shaped face,
Person,FaceShape,长方脸,oblong face,
Person,FaceShape,矩形脸,rectangular face,
Person,Hair,白色头发,white hair,
Person,Hair,金色头发,blonde hair,
Person,Hair,银色头发,silver hair,
Person,Hair,灰色头发,grey hair,
Person,Hair,紫色头发,purple hair,
Person,Hair,红色头发,red hair,
Person,Hair,黄色头发,yellow hair,
Person,Hair,绿色头发,green hair,
Person,Hair,蓝色头发,blue hair,
Person,Hair,黑色头发,black hair,
Person,Hair,棕色头发,brown hair,
Person,Hair,直发,straight_hair,
Person,Hair,短发,short hair,
Person,Hair,卷发,curly hair,
Person,Hair,长发,long hair,
Person,Hair,马尾,pony-tail,
Person,Hair,双马尾,bunches,
Person,Hair,挑染,streaked hair,
Person,Hair,灰色渐变,grey gradient hair,
Person,Hair,亮棕,light brown hair,
Person,Hair,双色,two-tone hair,
Person,Hair,五颜六色,multicolored hair,
Person,Hair,高马尾,high ponytail,
Person,Hair,双马尾,twintails,
Person,Hair,马尾编发,braided ponytail,
Person,Hair,马尾辫,ponytail,
Person,Hair,短马尾,short ponytail,
Person,Hair,双辫子,twin braids,
Person,Hair,中发,medium hair,
Person,Hair,超长发,very long hair,
Person,Hair,辫子刘海,braided bangs,
Person,Hair,侧扫刘海,swept bangs,
Person,Hair,眼间头发,hair between eyes,
Person,Hair,妹妹头,bob cut,
Person,Hair,公主切,hime cut,
Person,Hair,交叉刘海,crossed bangs,
Person,Hair,刘海,bangs,
Person,Hair,齐刘海,blunt bangs,
Person,Hair,空气刘海,air bangs,
Person,Hair,翼状头发,hair wings,
Person,Hair,长刘海,long bangs,
Person,Hair,侧边空气刘海,side_blunt_bangs,
Person,Hair,中分刘海,centre parting bangs,
Person,Hair,不对称刘海,asymmetric bangs,
Person,Hair,蓬发,disheveled hair,
Person,Hair,波浪形头发,wavy hair,
Person,Hair,收拢,hair in takes,
Person,Hair,粉色花,hair pink flowers,
Person,Hair,呆毛,ahoge,
Person,Hair,多根呆毛,antenna hair,
Person,Hair,侧马尾,Side ponytail,
Person,Hair,露额头,forehead,
Person,Hair,钻头卷公主卷,drill hair,
Person,Hair,包子头,hair bun,
Person,Hair,俩包子头,double bun,
Person,Hair,凌乱发型,messy hair,
Person,Hair,发翼,hair_flaps,
Person,Face,化妆,makeup,
Person,Face,粉底,fundoshi,
Person,Face,眼影,eyeshadow,
Person,Face,口红,lipstick,
Person,Face,睫毛膏,mascara,
Person,Face,长睫毛,long_eyelashes,
Person,Face,红唇,red_lips_,
Person,Face,面部涂装,facepaint,
Person,Face,唇彩,lipgloss,
Person,Face,彩色睫毛,colored_eyelashes,
Person,Face,脸红,blush,
Person,Face,淡淡的腮红,light_blush,
Person,Face,动画式脸红,anime_style_blush,
Person,Face,鼻腮红,nose_blush,
Person,Face,鼻血,nosebleed,
Person,Face,脸上有瘀伤,bruise_on_face,
Person,Face,面部标记,facial_mark,
Person,Face,额头标记,forehead_mark,
Person,Face,头部愤怒符号,anger_vein,
Person,Face,痣,mole,
Person,Face,眼睛下方的痣,mole_under_eye,
Person,Face,雀斑,freckles,
Person,Face,食物在脸上,food_on_face,
Person,Face,饭在脸上,rice_on_face,
Person,Face,奶油在脸上,cream_on_face,
Person,Face,小胡子,mustache,
Person,Face,山羊胡,goatee,
Person,Face,胡须斑纹,whisker_markings,
Person,Face,疤痕,scar,
Person,Face,穿过眼睛的疤痕,scar_across_eye,
Person,Face,烟斗,smoking_pipe,
Person,Face,纹身,tattoo,
Person,Ears,精灵耳朵,elf ears,
Person,Ears,动物耳朵,fake animal ears,
Person,Ears,猫耳朵,cat ears,
Person,Ears,狗耳朵,dog ears,
Person,Ears,狐狸耳朵,fox ears,
Person,Ears,兔子耳朵,bunny ears,
Person,Ears,熊耳朵,bear ears,
Person,Ears,狼耳朵,wolf ears,
Person,Ears,马耳朵,horse ears,
Person,Ears,牛耳朵,cow ears,
Person,Ears,老鼠耳朵,mouse ears,
Person,Ears,猪耳朵,pig ears,
Person,Ears,羊耳朵,sheep ears,
Person,Ears,鹿耳朵,deer ears,
Person,Ears,山羊耳朵,goat ears,
Person,Ears,羚羊耳朵,antelope ears,
Person,Ears,犀牛耳朵,rhino ears,
Person,Ears,大象耳朵,elephant ears,
Person,Ears,蝙蝠耳朵,bat ears,
Person,Ears,龙耳朵,dragon ears,
Person,Ears,恶魔耳朵,demon ears,
Person,Ears,天使耳朵,angel ears,
Person,Ears,外星人耳朵,alien ears,
Person,Ears,耳朵通红,ear_blush,
Person,Ears,耳饰,ear_ornament,
Person,Ears,耳洞,ear_piercing,
Person,Ears,兽耳,animal_ears,
Person,Ears,垂耳,ears_down,
Person,Ears,假兽耳,fake_animal_ears,
Person,Ears,松软的耳朵,floppy_ears,
Person,Ears,动物耳朵绒毛,animal_ear_fluff,
Person,Ears,狐狸耳朵,fox_ears,
Person,Ears,猫耳朵,cat_ears,
Person,Ears,狮子耳朵,lion_ears,
Person,Ears,美洲豹耳朵,jaguar_ears,
Person,Ears,虎耳,tiger_ears,
Person,Ears,狗耳朵,dog_ears,
Person,Ears,郊狼耳朵,coyote_ears,
Person,Ears,兔耳,bunny_ears,
Person,Ears,马耳,horse_ears,
Person,Ears,尖耳朵,pointy_ears,
Person,Ears,长尖耳朵,long_pointy_ears,
Person,Ears,老鼠耳朵,mouse_ears,
Person,Ears,浣熊耳朵,raccoon_ears,
Person,Ears,松鼠耳朵,squirrel_ears,
Person,Ears,熊耳朵,bear_ears,
Person,Ears,熊猫耳朵,panda_ears,
Person,Ears,蝙蝠耳朵,bat_ears,
Person,Ears,机器人耳朵,robot_ears,
Person,Ears,额外的耳朵,extra_ears,
Person,Ears,耳朵穿过头饰,ears_through_headwear,
Person,Ears,羊驼耳,alpaca_ears,
Person,Ears,兽角,horns,
Person,Ears,假角,fake_horns,
Person,Ears,角,dragon_horns,
Person,Ears,鬼角,oni_horns,
Person,Ears,鹿角,antlers,
Person,Ears,弯角,curled_horns,
Person,Ears,山羊角,goat_horns,
Person,Ears,角上的头发,hair_on_horn,
Person,Eyebrow,浓眉,thick eyebrows,
Person,Eyebrow,细眉,thin eyebrows,
Person,Eyebrow,眉毛翘起,cocked eyebrow,
Person,Eyebrow,短眉毛,short eyebrows,
Person,Eyebrow,长眉毛,long eyebrows,
Person,Eyebrow,V字眉,v-shaped eyebrows,
Person,Eyebrow,一字眉,straight eyebrows,
Person,Eyebrow,柳叶眉,arched eyebrows,
Person,Eyebrow,剑眉,sword-shaped eyebrows,
Person,Eyebrow,八字眉,worried eyebrows,
Person,Eyebrow,断眉,broken eyebrows,
Person,Eyebrow,稀疏的眉毛,sparse eyebrows,
Person,Eyebrow,杂乱的眉毛,bushy eyebrows,
Person,Eyebrow,连接的眉毛,connected eyebrows,
Person,Eyebrow,上挑的眉毛,raised eyebrows,
Person,Eyebrow,下垂的眉毛,drooping eyebrows,
Person,Eyebrow,新月眉,crescent eyebrows,
Person,Eyebrow,飞扬的眉毛,winged eyebrows,
Person,Eyes,蓝色眼睛,blue eyes,
Person,Eyes,红色眼睛,red eyes,
Person,Eyes,棕色眼睛,brown eyes,
Person,Eyes,绿色眼睛,green eyes,
Person,Eyes,紫色眼睛,purple eyes,
Person,Eyes,黄色眼睛,yellow eyes,
Person,Eyes,粉色眼睛,pink eyes,
Person,Eyes,黑色眼睛,black eyes,
Person,Eyes,水蓝色眼睛,aqua eyes,
Person,Eyes,橙色眼睛,orange eyes,
Person,Eyes,灰色眼睛,grey eyes,
Person,Eyes,多彩眼睛,multicolored eyes,
Person,Eyes,白色眼睛,white eyes,
Person,Eyes,渐变眼睛,gradient eyes,
Person,Eyes,闭上眼睛,closed eyes,
Person,Eyes,半闭眼,half-closed eyes,
Person,Eyes,睁着眼睛哭,crying with eyes open,
Person,Eyes,眯起眼睛,narrowed eyes,
Person,Eyes,隐藏眼睛,hidden eyes,
Person,Eyes,心形眼睛,heart-shaped eyes,
Person,Eyes,纽扣眼睛,button eyes,
Person,Eyes,头足类眼睛,cephalopod eyes,
Person,Eyes,透过头发看见眼睛,eyes visible through hair,
Person,Eyes,发光的眼睛,glowing eyes,
Person,Eyes,空洞的眼睛,empty eyes,
Person,Eyes,翻白眼,rolling eyes,
Person,Eyes,斗鸡眼,cross eyed,
Person,Eyes,空白的眼睛,blank eyes,
Person,Eyes,没有眼睛,no eyes,
Person,Eyes,闪闪发光的眼睛,sparkling eyes,
Person,Eyes,额外的眼睛,extra eyes,
Person,Eyes,疯狂的眼睛,crazy eyes,
Person,Eyes,实心圆眼,solid circle eyes,
Person,Eyes,实心椭圆形眼睛,solid oval eyes,
Person,Eyes,不均匀的眼睛,uneven eyes,
Person,Eyes,眼里流血,blood from eyes,
Person,Eyes,眼影,eyeshadow,
Person,Eyes,红色眼影,red eyeshadow,
Person,Eyes,蓝色眼影,blue eyeshadow,
Person,Eyes,紫色眼影,purple eyeshadow,
Person,Eyes,粉色眼影,pink eyeshadow,
Person,Eyes,绿色眼影,green eyeshadow,
Person,Eyes,眼袋,bags under eyes,
Person,Eyes,眼圈,ringed eyes,
Person,Eyes,蒙住眼睛,covered eyes,
Person,Eyes,遮住眼睛,covering eyes,
Person,Eyes,挡着眼睛,shading eyes,
Person,Eyes,魔鬼眼,devil eyes,
Person,Eyes,猫眼,slit pupils,
Person,Eyes,充血的眼睛,bloodshot eyes,
Person,Eyes,眼尾上扬,tsurime,
Person,Eyes,眼尾下垂,tareme,
Person,Eyes,瞳孔收缩,constricted pupils,
Person,Eyes,魔瞳,devil pupils,
Person,Eyes,蛇瞳,snake pupils,
Person,Eyes,瞳孔闪烁,pupils sparkling,
Person,Eyes,花状瞳孔,flower-shaped pupils,
Person,Eyes,心形瞳孔,heart-shaped pupils,
Person,Eyes,异色瞳,heterochromia,
Person,Eyes,美瞳,color contact lenses,
Person,Eyes,长睫毛,longeyelashes,
Person,Eyes,彩色睫毛,colored eyelashes,
Person,Eyes,眼下痣,mole under eye,
Person,Eyes,明亮的眼睛,light_eyes,
Person,Eyes,发光的眼睛,glowing_eye,
Person,Eyes,闪亮的眼睛,shiny_eyes,
Person,Eyes,星星眼,sparkling_eyes,
Person,Eyes,渐变眼睛,gradient_eyes,
Person,Eyes,动画眼,anime_style_eyes,
Person,Eyes,水汪汪,water_eyes,
Person,Eyes,美丽的眼睛,beautiful_detailed_eyes,
Person,Eyes,Q版实心椭圆眼睛,solid_oval_eyes_,
Person,Eyes,Q版实心圆瞳孔,solid_circle_pupils,
Person,Eyes,Q版腮红贴纸,blush_stickers,
Person,Eyes,心形眼,heart_in_eye,
Person,Eyes,邪恶的眼睛,evil_eyes,
Person,Eyes,疯狂的眼睛,crazy_eyes,
Person,Eyes,失去高光的眼睛,empty_eyes,
Person,Eyes,蒙住的眼睛,covered_eyes,
Person,Eyes,空洞的眼睛,hollow_eyes,
Person,Eyes,多彩多姿的眼睛,multicolored_eyes,
Person,Eyes,眼圈,ringed_eyes,
Person,Eyes,三白症(瞳孔偏移),sanpaku,
Person,Eyes,错配巩膜,mismatched_sclera,
Person,Eyes,眼睛反射,eye_relfection,
Person,Eyes,机械眼,mechanical_eye,
Person,Eyes,头足类眼睛,cephalopod_eyes,
Person,Eyes,钟眼,clock_eyes,
Person,Eyes,复眼,compound_eyes,
Person,Eyes,鱼眼,fisheye,
Person,Eyes,恶魔之眼,devil_eyes,
Person,Eyes,布满血丝的眼睛,bloodshot_eyes,
Person,Eyes,血从眼里流出,blood_from_eyes,
Person,Eyes,青色眼睛,aqua_eyes,
Person,Eyes,坚定的眼睛,solid_eyes,
Person,Eyes,闪光动画眼,sparkling_anime_eyes,
Person,Eyes,蓝眼睛,blue_eyes,
Person,Eyes,棕色的眼睛,brown_eyes,
Person,Eyes,闭上的眼睛,closed_eyes,
Person,Eyes,睁着眼落泪,crying_with_eyes_open,
Person,Eyes,多只眼睛,extra_eyes,
Person,Eyes,眼神交流,eye_contact,
Person,Eyes,荷鲁斯之眼,eye_of_horus,
Person,Eyes,眼球,eyeball,
Person,Eyes,眼线,eyeliner,
Person,Eyes,眼睛,eyes,
Person,Eyes,眼中闪现强烈的情感,glint,
Person,Eyes,发光的双眼,glowing_eyes,
Person,Eyes,半闭的眼睛(单眼),half-closed_eye,
Person,Eyes,半闭的双眼,half-closed_eyes,
Person,Eyes,水平瞳孔,horizontal_pupils,
Person,Eyes,轻蔑的眼神,jitome,
Person,Eyes,浅棕色眼睛,light_brown_eyes,
Person,Eyes,没画出眼睛,no_eyes,
Person,Eyes,独眼,one-eyed,
Person,Eyes,反光的眼睛,reflective_eyes,
Person,Eyes,银色的眼睛,silver_eyes,
Person,Eyes,漩涡眼,spiral_eyes,
Person,Eyes,第三只眼,third_eye,
Person,Eyes,大小眼,uneven_eyes,
Person,Eyes,焰目,flaming_eye,
Person,Eyes,闭眼,eyes_closed,
Person,Eyes,半闭双眼,half_closed_eyes,
Person,Eyes,眯起眼睛,narrowed_eyes,
Person,Eyes,眯起眼睛看,squinting,
Person,Eyes,眼泪,tears,
Person,Eyes,锐利的眼,sharp_eyes,
Person,Eyes,锐利的眼,slanted_eyes,
Person,Eyes,上翘的眼睛,upturned_eyes,
Person,Eyes,斗鸡眼,cross-eyed,
Person,Eyes,头发遮着双眼,hair_over_eyes,
Person,Eyes,透过头发看到的眼睛,eyes_visible_through_hair,
Person,Eyes,头发遮住了一只眼睛,hair_over_one_eye,
Person,Eyes,一只眼被遮住,one_eye_covered,
Person,Eyes,眼袋,bags_under_eyes,
Person,Eyes,眼罩,eyepatch,
Person,Eyes,医用眼罩,medical_eyepatch,
Person,Eyes,眼睛上的疤痕,scar_across_eye,
Person,Eyes,无蒙眼要素,no_blindfold,
Person,Eyes,无眼罩,no_eyepatch,
Person,Eyes,阿嘿颜,ahegao,
Person,Eyes,瞳孔,pupils,
Person,Eyes,明亮的瞳孔,bright_pupils,
Person,Eyes,异色瞳,heterochromia,
Person,Eyes,竖的瞳孔,slit_pupils,
Person,Eyes,瞳孔闪光,snake_pupils,
Person,Eyes,符号形瞳孔,symbol-shaped_pupils,
Person,Eyes,爱心形瞳孔,heart-shaped_pupils,
Person,Eyes,钻石形状瞳孔,diamond-shaped_pupils,
Person,Eyes,五角星形状瞳孔,star-shaped_pupils,
Person,Eyes,瞳孔散大,dilated_pupils,
Person,Eyes,没有瞳孔,no_pupils,
Person,Eyes,轮回眼,ringed_eyes,
Person,Eyes,收缩的瞳孔,constricted_pupils,
Person,Eyes,眼睛里的星星,star_in_eye,
Person,Eyes,X形瞳孔,x-shaped_pupils,
Person,Eyes,水平瞳孔,horizontal_pupils,
Person,Eyes,虚线的眼睛,dashed_eyes,
Person,Eyes,蝴蝶形瞳孔,butterfly-shaped_pupils,
Person,Eyes,长方形瞳孔,rectangular_pupils,
Person,Eyes,方形瞳孔,square_pupils,
Person,Eyes,点瞳孔,dot_pupils,
Person,Eyes,额外的瞳孔,extra_pupils,
Person,Eyes,不匹配的瞳孔,mismatched_pupils,
Person,Eyes,十字星星眼,cross_star_eyes,
Person,Eyes,符号形瞳孔,cross-shaped_pupils,
Person,Eyes,紫色瞳孔,purple_pupils,
Person,Eyes,橙色瞳孔,orange_pupils,
Person,Eyes,橙色瞳孔,blue_pupils,
Person,Eyes,眼睛里有符号,symbol_in_eye,
Person,Nose,尖鼻子,pointed nose,
Person,Nose,小鼻子,small nose,
Person,Nose,大鼻子,big nose,
Person,Nose,没鼻子,no_nose,
Person,Nose,点状鼻,dot_nose,
Person,Nose,鼻泡,nose_bubble,
Person,Nose,闻,smelling,
Person,Nose,鼻子,nose,
Person,Nose,流鼻血,nosebleed,
Person,Nose,鼻涕,snot,
Person,Nose,鹰钩鼻,aquiline nose,
Person,Nose,蒜头鼻,bulbous nose,
Person,Nose,朝天鼻,upturned nose,
Person,Nose,扁平鼻,flat nose,
Person,Nose,希腊鼻,Greek nose,
Person,Nose,罗马鼻,Roman nose,
Person,Nose,宽鼻,wide nose,
Person,Nose,窄鼻,narrow nose,
Person,Nose,歪鼻,crooked nose,
Person,Nose,塌鼻梁,low nose bridge,
Person,Nose,高鼻梁,high nose bridge,
Person,Nose,动物口鼻部,snout,
Person,Nose,猪鼻子,pig snout,
Person,Nose,狗鼻子,dog snout,
Person,Nose,鳄鱼鼻,crocodile snout,
Person,Mouth,栗子嘴,chestnut mouth,
Person,Mouth,厚嘴唇,thick lips,
Person,Mouth,肿嘴唇,puffy lips,
Person,Mouth,口红,lipstick,
Person,Mouth,心形嘴,heart-shaped mouth,
Person,Mouth,嘟嘴,pout,
Person,Mouth,张嘴,open mouth,
Person,Mouth,闭嘴,closed mouth,
Person,Mouth,鲨鱼嘴,shark mouth,
Person,Mouth,张开的嘴,parted lips,
Person,Mouth,嘴下痣,mole under mouth,
Person,Mouth,张嘴,open_mouth,
Person,Mouth,喘气(张大嘴),gasping,
Person,Mouth,嘴巴微微张开,Slightly_open_mouth,
Person,Mouth,波浪嘴,wavy_mouth,
Person,Mouth,闭嘴,close_mouth,
Person,Mouth,点嘴,dot_mouth,
Person,Mouth,没有嘴,no_mouth,
Person,Mouth,堵嘴,gag,
Person,Mouth,啃,gnaw,
Person,Mouth,猫嘴,:3:,
Person,Mouth,张嘴,:o:,
Person,Mouth,V嘴,:>:,
Person,Mouth,嘴唇张开,parted_lips,
Person,Mouth,勒住嘴,bit_gag,
Person,Mouth,被封住嘴,cleave_gag,
Person,Mouth,闭着的嘴,closed_mouth,
Person,Mouth,蒙住的嘴,covered_mouth,
Person,Mouth,有多张嘴巴,extra_mouth,
Person,Mouth,嘴里有头发,hair_in_mouth,
Person,Mouth,系发的东西叼在嘴里,hair_tie_in_mouth,
Person,Mouth,抿嘴,homu,
Person,Mouth,嘴唇,lips,
Person,Mouth,嘴,mouth,
Person,Mouth,用嘴叼着,mouth_hold,
Person,Mouth,用嘴,oral,
Person,Mouth,奶嘴,pacifier,
Person,Mouth,撅起的嘴唇,Pouted lips,
Person,Mouth,把嘴画在侧脸,sideways_mouth,
Person,Mouth,嘴里含着勺子,spoon_in_mouth,
Person,Mouth,三角嘴,triangle_mouth,
Person,Mouth,唾液,saliva,
Person,Mouth,流口水,drooling,
Person,Mouth,嘴角画着口水,mouth_drool,
Person,Mouth,牙齿,teeth,
Person,Mouth,上牙,upper_teeth,
Person,Mouth,虎牙,fang,
Person,Mouth,肤色虎牙,skin_fang,
Person,Mouth,圆齿,round_teeth,
Person,Mouth,锋利的牙齿,sharp_teeth,
Person,Mouth,咬紧牙关,clenched_teeth,
Person,Mouth,舌头,tongue,
Person,Mouth,龅牙,buck_teeth,
Person,Mouth,露出虎牙,fang_out,
Person,Mouth,尖牙,fangs,
Person,Mouth,狼牙棒,spiked_club,
Person,Mouth,牙,tooth,
Person,Mouth,牙刷,toothbrush,
Person,Mouth,象牙,tusks,
Person,Mouth,鲨鱼牙,shark_mouth,
Person,Mouth,舌头放在上唇,:q:,
Person,Mouth,舌头放在下唇,:p:,
Person,Mouth,眨眼舌头上伸,;p:,
Person,Mouth,舌吻,french_kiss,
Person,Mouth,长舌头,long_tongue,
Person,Mouth,伸出舌头,oral_invitation,
Person,Mouth,舌头,tongue,
Person,Mouth,吐舌头,tongue_out,
Person,Mouth,小舌头,uvula,
Person,Nails,手指甲,fingernails,
Person,Nails,脚趾甲,toenails,
Person,Nails,指甲油,nail_polish,
Person,Nails,脚趾甲油,toenail_polish,
Person,Nails,黑色指甲,black_nails,
Person,Nails,红色指甲,red_nails,
Person,Nails,粉色指甲,pink_nails,
Person,Nails,长指甲,long_fingernails,
Person,Nails,指甲,nail,
Person,Nails,多彩指甲,multicolored_nails,
Person,Nails,美甲,nail_art,
Person,Nails,方形指甲,square_nails,
Person,Nails,椭圆形指甲,oval_nails,
Person,Nails,尖形指甲,stiletto_nails,
Person,Nails,杏仁形指甲,almond_nails,
Person,Nails,短指甲,short_nails,
Person,Nails,干净的指甲,clean_nails,
Person,Nails,脏的指甲,dirty_nails,
Person,Nails,断掉的指甲,broken_nails,
Person,Nails,水钻,rhinestones,
Person,Nails,贴纸,nail_stickers,
Person,Nails,亮片,glitter,
Person,Nails,蓝色指甲,blue_nails,
Person,Nails,绿色指甲,green_nails,
Person,Nails,紫色指甲,purple_nails,
Person,Nails,黄色指甲,yellow_nails,
Person,Nails,裸色指甲,nude_nails,
Person,Nails,白色指甲,white_nails,
Person,Nails,法式美甲,french_manicure,
Person,Chest,胸部,chest,
Person,Chest,贫乳(A_),flat chest,
Person,Chest,小胸部(B),small breasts,
Person,Chest,中等胸部(C),medium breasts,
Person,Chest,大胸部(D),big breasts,
Person,Chest,巨乳(E),huge breasts,
Person,Chest,超巨乳(F),gigantic breasts,
Person,Chest,两胸之间,between breasts,
Person,Chest,胸部分开,breasts apart,
Person,Chest,下垂胸部,hanging breasts,
Person,Chest,晃动胸部,bouncing breasts,
Person,Chest,乳沟,cleavage,
Person,Chest,乳晕,areola,
Person,Chest,乳头,nipples,
Person,Chest,胸肌,pectorals,
Person,Chest,大胸肌,large pectorals,
Person,Chest,半露胸部,unbuttoned clothes,
Person,Chest,发育不良,underdeveloped breasts,
Person,Chest,丰满,full breasts,
Person,Chest,紧实,firm breasts,
Person,Chest,松弛,sagging breasts,
Person,Chest,不对称,asymmetrical breasts,
Person,Chest,敏感的乳头,sensitive nipples,
Person,Chest,受伤的胸部,injured breasts,
Person,Shoulders,赤肩,bare shoulders,
Person,Shoulders,袒肩,exposed shoulders,
Person,Shoulders,露肩,off-the-shoulder,
Person,Shoulders,斜肩,one-shoulder,
Person,Shoulders,低肩,low-cut shoulders,
Person,Shoulders,直角肩,square shoulders,
Person,Shoulders,溜肩,sloped shoulders,
Person,Shoulders,圆肩,round shoulders,
Person,Shoulders,窄肩,narrow shoulders,
Person,Shoulders,宽肩,broad shoulders,
Person,Shoulders,锁骨,collarbonea,
Person,Shoulders,腋下,armpits,
Person,Shoulders,腋窝皱痕,armpit_crease,
Person,Waist,细腰,narrow_waist,
Person,Waist,纤细的腰,slender_waist,
Person,Waist,蜂腰,wasp waist,
Person,Waist,柳腰,willow waist,
Person,Waist,小蛮腰,small waist,
Person,Abdomen,腹部,midriff,
Person,Abdomen,肚子,belly,
Person,Abdomen,腹肌,absolute_territory,
Person,Abdomen,隆起的腹部,inflation,
Person,Abdomen,肚脐,navel,
Person,Abdomen,腹股沟,groin,
Person,Abdomen,怀孕的腹部,pregnant,
Person,Wings,翅膀,wings,
Person,Wings,蝙蝠翅膀,bat_wings,
Person,Wings,蝴蝶翅膀,butterfly_wings,
Person,Wings,黑色之翼,black_wings,
Person,Wings,恶魔之翼,demon_wings,
Person,Wings,不对称的翅膀,asymmetrical_wings,
Person,Wings,不与本体相连的翅膀,detached_wings,
Person,Wings,妖精翅膀,fairy_wings,
Person,Wings,仿造翅膀,fake_wings,
Person,Wings,燃烧着的翅膀,fiery_wings,
Person,Wings,昆虫翅膀,insect_wings,
Person,Wings,大翅膀,large_wings,
Person,Wings,腰间的翅膀,low_wings,
Person,Wings,迷你翅膀,mini_wings,
Person,Wings,多种颜色翅膀,multicolored_wings,
Person,Wings,多对翅膀,multiple_wings,
Person,Wings,无翅膀,no_wings,
Person,Wings,带翅膀的头盔,winged_helmet,
Clothing,Formal,西装,suit,
Clothing,Formal,燕尾服,tuxedo,
Clothing,Formal,礼服,formal_dress,
Clothing,Formal,礼服,evening_gown,
Clothing,Formal,晚会礼服,canonicals,
Clothing,Formal,鸡尾酒连衣裙,cocktail_dress,
Clothing,Formal,女长服,gown,
Clothing,Formal,和服,japanese_clothes,
Clothing,Formal,和服,kimono,
Clothing,Formal,无袖和服,sleeveless_kimono,
Clothing,Formal,短和服,short_kimono,
Clothing,Formal,印花和服,print_kimono,
Clothing,Formal,振袖(和服的一部份),furisode,
Clothing,Formal,衣带(和服用),obi,
Clothing,Formal,饰带,sash,
Clothing,Formal,旗袍,cheongsam,
Clothing,Formal,旗袍,china_dress,
Clothing,Formal,印花旗袍,print_cheongsam,
Clothing,Formal,旗袍类衣物的前摆,pelvic_curtain,
Clothing,Formal,婚纱,wedding_dress,
Clothing,Formal,白无垢(日式嫁衣),uchikake,
Clothing,Formal,校服,school_uniform,
Clothing,Formal,水手服,sailor,
Clothing,Formal,水手服,serafuku,
Clothing,Formal,夏季制服,summer_uniform,
Clothing,Formal,幼儿园制服,kindergarten_uniform,
Clothing,Formal,警服,police_uniform,
Clothing,Formal,海军制服,naval_uniform,
Clothing,Formal,陆军制服,military_uniform,
Clothing,Formal,纳粹制服,ss_uniform/nazi_uniform,
Clothing,Formal,女仆装,maid,
Clothing,Formal,女侍从的制服,stile_uniform,
Clothing,Formal,巫女服,miko,
Clothing,Formal,工作服,overalls,
Clothing,Formal,职场制服,business_suit,
Clothing,Formal,护士服,nurse,
Clothing,Formal,厨师工装,chef_uniform,
Clothing,Formal,白大褂,labcoat,
Clothing,Formal,啦啦队服,cheerleader,
Clothing,Formal,乐队制服,band_uniform,
Clothing,Formal,宇航服,space_suit,
Clothing,Formal,连衣裤,leotard,
Clothing,Formal,修女服,domineering,
Clothing,Style,中国服饰,china_dress,
Clothing,Style,中国风,chinese_style,
Clothing,Style,传统服装,traditional_clothes,
Clothing,Style,日式服装,japanese_clothes,
Clothing,Style,袢缠(日式),hanten_(clothes),
Clothing,Style,韩服,hanbok,
Clothing,Style,朝鲜服饰,korean_clothes,
Clothing,Style,西部风格,western,
Clothing,Style,德国服装,german_clothes,
Clothing,Style,哥特风格,gothic,
Clothing,Style,洛丽塔风格,lolita,
Clothing,Style,哥特洛丽塔风格,gothic_lolita,
Clothing,Style,拜占庭风格,byzantine_fashion,
Clothing,Style,热带特征的,Tropical,
Clothing,Style,印度风格,indian_style,
Clothing,Style,越南校服（奥黛）,Ao_Dai,
Clothing,Style,阿伊努人的服饰,ainu_clothes,
Clothing,Style,阿拉伯服饰,arabian_clothes,
Clothing,Style,埃及风格服饰,egyptian_clothes,
Clothing,Style,套装,costume,
Clothing,Style,动物系套装(皮套),animal_costume,
Clothing,Style,兔子服装,bunny_costume,
Clothing,Style,原设服装改编,adapted_costume,
Clothing,Style,猫系服装,cat_costume,
Clothing,Style,皮套狗,dog_costume,
Clothing,Style,熊套装,bear_costume,
Clothing,Style,经润饰的服装,embellished_costume,
Clothing,Style,圣诞风格服装,santa_costume,
Clothing,Style,万圣节服装,halloween_costume,
Clothing,Style,香霖堂天狗装束,kourindou_tengu_costume,
Clothing,Style,与原设不同衣服,alternate_costume,
Clothing,Style,换衣play,costume_switch,
Clothing,Style,模因服装,meme_attire,
Clothing,Casual,休闲,casual,
Clothing,Casual,休闲服,loungewear,
Clothing,Casual,卫衣,hoodie,
Clothing,Casual,居家服,homewear,
Clothing,Casual,睡衣,pajamas,
Clothing,Casual,睡衣,nightgown,
Clothing,Casual,睡衣,sleepwear,
Clothing,Casual,情趣睡衣,babydoll,
Clothing,Casual,印花睡衣,print_pajamas,
Clothing,Casual,波点睡衣,polka_dot_pajamas,
Clothing,Casual,浴衣,yukata,
Clothing,Casual,唐装,chinese_clothes,
Clothing,Casual,汉服,hanfu,
Clothing,Casual,道袍,Taoist robe,
Clothing,Casual,长袍,robe,
Clothing,Casual,混合长袍,robe_of_blending,
Clothing,Casual,斗篷,cloak,
Clothing,Casual,连帽斗篷,hooded_cloak,
Clothing,Casual,冬装,winter_clothes,
Clothing,Casual,羽绒服,down jacket,
Clothing,Casual,圣诞装,santa,
Clothing,Casual,舞娘服,harem_outfit,
Clothing,Casual,耸肩(服装),shrug_(clothing),
Clothing,Sportswear,运动服,sportswear,
Clothing,Sportswear,运动服,gym_uniform,
Clothing,Sportswear,体操服,athletic_leotard,
Clothing,Sportswear,网球衫,tennis_uniform,
Clothing,Sportswear,棒球服,baseball_uniform,
Clothing,Sportswear,棒球夹克,letterman_jacket,
Clothing,Sportswear,排球服,volleyball_uniform,
Clothing,Sportswear,自行车运动服,biker_clothes,
Clothing,Sportswear,骑行套装,bikesuit,
Clothing,Sportswear,摔角服,wrestling_outfit,
Clothing,Sportswear,武道服,dougi,
Clothing,Sportswear,瑜伽服,yoga_pants,
Clothing,Sportswear,跑步服,running_clothes,
Clothing,Sportswear,足球服,soccer_uniform,
Clothing,Sportswear,篮球服,basketball_uniform,
Clothing,Sportswear,游泳衣,swimsuit,
Clothing,Sportswear,舞蹈服,dance_wear,
Clothing,Sportswear,健美操服,aerobics_wear,
Clothing,Sportswear,高尔夫球服,golf_attire,
Clothing,Sportswear,橄榄球服,rugby_uniform,
Clothing,Sportswear,曲棍球服,hockey_uniform,
Clothing,Sportswear,滑雪服,ski_suit,
Clothing,Sportswear,潜水服,wetsuit,
Clothing,Swimwear,泳装,swimsuit,
Clothing,Swimwear,泳衣,swimwear,
Clothing,Swimwear,湿泳衣,wet_swimsuit,
Clothing,Swimwear,学校泳装（死库水）,school_swimsuit,
Clothing,Swimwear,新式死库水,new_school_swimsuit,
Clothing,Swimwear,旧式死库水,old_school_swimsuit,
Clothing,Swimwear,竞泳死库水,competition_school_swimsuit,
Clothing,Swimwear,赛用泳衣,competition_swimsuit,
Clothing,Swimwear,连体泳衣,casual_one-piece_swimsuit,
Clothing,Swimwear,拉链在正面的泳衣,front_zipper_swimsuit,
Clothing,Swimwear,高开衩的泳衣,highleg_swimsuit,
Clothing,Swimwear,一体式泳衣,one-piece_swimsuit,
Clothing,Swimwear,常夏的泳衣,swimsuit_of_perpetual_summer,
Clothing,Swimwear,比基尼,bikini,
Clothing,Swimwear,双色比基尼,mismatched_bikini,
Clothing,Swimwear,多色款比基尼,multicolored_bikini,
Clothing,Swimwear,高腰比基尼,highleg_bikini,
Clothing,Swimwear,低腰比基尼,lowleg_bikini,
Clothing,Swimwear,V字泳衣,slingshot_swimsuit,
Clothing,Swimwear,水手服款比基尼,sailor_bikini,
Clothing,Swimwear,贝壳比基尼,shell_bikini,
Clothing,Swimwear,运动比基尼,sports_bikini,
Clothing,Swimwear,系绳比基尼,string_bikini,
Clothing,Swimwear,无肩带比基尼,strapless_bikini,
Clothing,Swimwear,细带款比基尼,side-tie_bikini,
Clothing,Swimwear,前系带比基尼上衣,front-tie_bikini_top,
Clothing,Swimwear,多绑带比基尼,multi-strapped_bikini,
Clothing,Swimwear,丁字裤比基尼,thong_bikini,
Clothing,Swimwear,从正面打结的比基尼,front-tie_bikini,
Clothing,Swimwear,花边比基尼,frilled_bikini,
Clothing,Swimwear,带O型环的比基尼,o-ring_bikini,
Clothing,Swimwear,眼罩比基尼,eyepatch_bikini,
Clothing,Swimwear,分层比基尼,layered_bikini,
Clothing,Swimwear,带蝴蝶结的比基尼,bow_bikini,
Clothing,Swimwear,花边泳衣,frilled_swimsuit,
Clothing,Swimwear,圆斑泳衣,polka_dot_swimsuit,
Clothing,Swimwear,条纹泳衣,striped_swimsuit,
Clothing,Swimwear,条纹比基尼,striped_bikini,
Clothing,Swimwear,格子比基尼,plaid_bikini,
Clothing,Swimwear,圆斑比基尼,polka_dot_bikini,
Clothing,Swimwear,印花比基尼,print_bikini,
Clothing,Swimwear,美国国旗比基尼,american_flag_bikini,
Clothing,Swimwear,德国国旗比基尼,german_flag_bikini,
Clothing,Swimwear,人体彩绘般的泳衣,impossible_swimsuit,
Clothing,Swimwear,只穿着比基尼上衣,bikini_top,
Clothing,Swimwear,仅比基尼上衣,bikini_top_only,
Clothing,Swimwear,脱下了比基尼上衣,bikini_top_removed,
Clothing,Swimwear,仅比基尼下装,bikini_bottom_only,
Clothing,Swimwear,比基尼泳裤,bikini_bottom,
Clothing,Swimwear,解开的比基尼,untied_bikini,
Clothing,Swimwear,从三点剥开的比基尼,bikini_aside,
Clothing,Swimwear,泳衣裆部挪到一边,swimsuit_aside,
Clothing,Swimwear,衣服里面穿着泳衣,swimsuit_under_clothes,
Clothing,Swimwear,破损的泳衣,torn_swimsuit,
Clothing,Swimwear,比基尼裙,bikini_skirt,
Clothing,Swimwear,泳裤,swim_briefs,
Clothing,Swimwear,泳帽,swim_cap,
Clothing,Swimwear,泳裤,swim_trunks,
Clothing,Swimwear,男用泳裤,male_swimwear,
Clothing,Uniform,改装制服,adapted_uniform,
Clothing,Uniform,安齐奥军服,anzio_military_uniform,
Clothing,Uniform,安齐奥校服,anzio_school_uniform,
Clothing,Uniform,亚利亚公司制服,aria_company_uniform,
Clothing,Uniform,阿什福特学院制服,ashford_academy_uniform,
Clothing,Uniform,BC自由学园制服,bc_freedom_military_uniform,
Clothing,Uniform,迦勒底制服,chaldea_uniform,
Clothing,Uniform,知波单学院制服,chi-hatan_military_uniform,
Clothing,Uniform,点兔女仆装,fleur_de_lapin_uniform,
Clothing,Uniform,加尔格·马可大修道院制服,garreg_mach_monastery_uniform,
Clothing,Uniform,宝石之国的制服,gem_uniform_(houseki_no_kuni),
Clothing,Uniform,花咲川女子学园,hanasakigawa_school_uniform,
Clothing,Uniform,私立光坂高等学校校服,hikarizaka_private_high_school_uniform,
Clothing,Uniform,穗群原学园制服,homurahara_academy_uniform,
Clothing,Uniform,神山高中校服,kamiyama_high_school_uniform,
Clothing,Uniform,继续高中军服,keizoku_military_uniform,
Clothing,Uniform,北高中制服,kita_high_school_uniform,
Clothing,Uniform,清澄高中校服,kiyosumi_school_uniform,
Clothing,Uniform,鲁纳诺娃魔法学校校服,luna_nova_school_uniform,
Clothing,Uniform,明治女学生制服,meiji_schoolgirl_uniform,
Clothing,Uniform,见泷原中学校制服,mitakihara_school_uniform,
Clothing,Uniform,波路中学校服,nami_junior_high_school_uniform,
Clothing,Uniform,七色丘中学校服,nanairogaoka_middle_school_uniform,
Clothing,Uniform,七森中学校服,nanamori_school_uniform,
Clothing,Uniform,私立直江津高校制服,naoetsu_high_school_uniform,
Clothing,Uniform,新大岛学园校服,national_shin_ooshima_school_uniform,
Clothing,Uniform,大洗联队军装,ooarai_military_uniform,
Clothing,Uniform,大洗联队校服,ooarai_school_uniform,
Clothing,Uniform,国立音乃木坂学院女子制服,otonokizaka_school_uniform,
Clothing,Uniform,帕拉迪岛军装,paradis_military_uniform,
Clothing,Uniform,极地迦勒底制服,polar_chaldea_uniform,
Clothing,Uniform,真理学院军装,pravda_military_uniform,
Clothing,Uniform,真理学院校服,pravda_school_uniform,
Clothing,Uniform,点兔兔之家制服,rabbit_house_uniform,
Clothing,Uniform,雷门足球队服,raimon_soccer_uniform,
Clothing,Uniform,陵樱学园制服,ryouou_school_uniform,
Clothing,Uniform,美少女战士制服,sailor_senshi_uniform,
Clothing,Uniform,栅川中学校服,sakugawa_school_uniform,
Clothing,Uniform,樱丘女子高等学校校服,sakuragaoka_high_school_uniform,
Clothing,Uniform,桑德斯军装,saunders_military_uniform,
Clothing,Uniform,桑德斯附高校服,saunders_school_uniform,
Clothing,Uniform,圣祥大附小学校校服,seishou_elementary_school_uniform,
Clothing,Uniform,死后世界战线制服,shinda_sekai_sensen_uniform,
Clothing,Uniform,秀知院学园制服,shuuchiin_academy_uniform,
Clothing,Uniform,秀尽学院制服,shuujin_academy_uniform,
Clothing,Uniform,圣葛罗莉安娜军装,st._glorianas_military_uniform,
Clothing,Uniform,圣葛罗莉安娜女学园校服,st._glorianas_school_uniform,
Clothing,Uniform,星光学园制服,starlight_academy_uniform,
Clothing,Uniform,时定高校校服,tokisadame_school_uniform,
Clothing,Uniform,常盘台中学校服,tokiwadai_school_uniform,
Clothing,Uniform,友枝小学校服,tomoeda_elementary_school_uniform,
Clothing,Uniform,时空管理局军服,tsab_ground_military_uniform,
Clothing,Uniform,雄英高中校服,u.a._school_uniform,
Clothing,Uniform,浦之星女学院校服,uranohoshi_school_uniform,
Clothing,Uniform,八十神高中校服,yasogami_school_uniform,
Clothing,Top,女式衬衫,blouse,
Clothing,Top,白衬衫,white_shirt,
Clothing,Top,有领衬衫,collared_shirt,
Clothing,Top,西服衬衫,dress_shirt,
Clothing,Top,水手服衬衫,sailor_shirt,
Clothing,Top,短衬衫,cropped_shirt,
Clothing,Top,T恤,t-shirt,
Clothing,Top,日常T恤,casual T-shirts,
Clothing,Top,短袖T恤,short sleeve T-shirts,
Clothing,Top,露肩衬衫(搭肩衫),off-shoulder_shirt,
Clothing,Top,包肩上衣,shrug_(clothing),
Clothing,Top,开襟毛衣衫,cardigan,
Clothing,Top,交叉吊带衫,criss-cross_halter,
Clothing,Top,褶边衬衫,frilled_shirt,
Clothing,Top,长袖运动卫衣,sweatshirt,
Clothing,Top,夏威夷衫,hawaiian_shirt,
Clothing,Top,连帽衫,hoodie,
Clothing,Top,贴合程度不合逻辑的衬衫,Impossible shirt,
Clothing,Top,(烹饪时穿的)罩衫,kappougi,
Clothing,Top,格子衬衫,plaid_shirt,
Clothing,Top,马球衫,polo_shirt,
Clothing,Top,印花衬衫,print_shirt,
Clothing,Top,衬衫,shirt,
Clothing,Top,无袖连帽衫,sleeveless_hoodie,
Clothing,Top,无袖衬衫,sleeveless_shirt,
Clothing,Top,条纹衬衫,striped_shirt,
Clothing,Top,背心(居家),tank_top,
Clothing,Top,背心(正式),vest,
Clothing,Top,背心(正式),waistcoat,
Clothing,Top,吊帶背心(小可愛),camisole,
Clothing,Top,系带衬衫(把衣角和下擺打结),tied_shirt,
Clothing,Top,汗衫,undershirt,
Clothing,Top,截短上衣,crop_top,
Clothing,Top,高开衩的衣物,highleg,
Clothing,Top,衣服漏洞,clothing_cutout,
Clothing,Top,露背上衣,back_cutout,
Clothing,Top,乳沟处开洞,cleavage_cutout,
Clothing,Top,肚脐开洞,navel_cutout,
Clothing,Top,露腰上衣,midriff,
Clothing,Top,心形开口,heart_cutout,
Clothing,Top,撕裂的衣服,torn_clothes,
Clothing,Top,撕裂的衬衫,torn_shirt,
Clothing,Top,脱衣服中,undressing,
Clothing,Top,褪下衣物,clothes_down,
Clothing,Top,掀起衬衫,shirt_lift,
Clothing,Top,衬衫拉下来,shirt_pull,
Clothing,Top,衬衫塞进去,shirt_tucked_in,
Clothing,Top,拖拽衣服,clothes_tug,
Clothing,Top,拖拽衬衫,shirt_tug,
Clothing,Top,解开的衬衫,untucked_shirt,
Clothing,Top,掀自己衣服,lifted_by_self,
Clothing,Top,掀自己衣服,untied,
Clothing,Top,敞开的衣服,open_clothes,
Clothing,Top,解开纽扣的衬衫,unbuttoned shirt,
Clothing,Top,纽扣之间的缝隙(没解开),button_gap,
Clothing,Top,解开部分纽扣,partially_unbuttoned,
Clothing,Top,拉开上部分拉链,partially_unzipped,
Clothing,Top,脱下的衣服,clothes_removed,
Clothing,Top,脱下衬衫,shirt_removed,
Clothing,Top,衣服滑落,wardrobe_error,
Clothing,Top,穿衣方式错了,undersized_clothes,
Clothing,Top,衣物紧紧的,tight,
Clothing,Top,嵌入(拉裆部衣物所致),wedgie,
Clothing,Top,衣服出了意外(如崩开),wardrobe_malfunction,
Clothing,Top,绷紧的衬衫,taut_shirt,
Clothing,Top,绷紧的衣服,taut_clothes,
Clothing,Top,勒出下胸围,underbust,
Clothing,Top,过大号的衣服,oversized_clothes,
Clothing,Top,过大号衬衫,oversized_shirt,
Clothing,Top,男友的衣服,borrowed_garments,
Clothing,Top,衣物吊带滑落(导致走光),strap_slip,
Clothing,Top,湿衬衫,wet_shirt,
Clothing,Top,偷衣服,clothes_theft,
Clothing,Outerwear,西装外套,blazer,
Clothing,Outerwear,大衣,overcoat,
Clothing,Outerwear,双排纽扣,double-breasted,
Clothing,Outerwear,长外套,long_coat,
Clothing,Outerwear,一种宽上衣,haori,
Clothing,Outerwear,冬季大衣,winter_coat,
Clothing,Outerwear,连帽大衣,hooded_coat,
Clothing,Outerwear,皮草大衣,fur_coat,
Clothing,Outerwear,镶边皮草大衣,fur-trimmed_coat,
Clothing,Outerwear,粗呢大衣,duffel_coat,
Clothing,Outerwear,派克大衣,parka,
Clothing,Outerwear,夹克衫,jacket,
Clothing,Outerwear,夹克部分移除,jacket_partially_removed,
Clothing,Outerwear,夹克被移除,jacket_removed,
Clothing,Outerwear,开襟夹克,open_jacket,
Clothing,Outerwear,短款夹克,cropped_jacket,
Clothing,Outerwear,运动夹克,track_jacket,
Clothing,Outerwear,连帽运动夹克,hooded_track_jacket,
Clothing,Outerwear,军装夹克,military_jacket,
Clothing,Outerwear,迷彩夹克,camouflage_jacket,
Clothing,Outerwear,皮夹克,leather_jacket,
Clothing,Outerwear,莱特曼夹克,letterman_jacket,
Clothing,Outerwear,飞行员夹克,bomber_jacket,
Clothing,Outerwear,牛仔夹克,denim_jacket,
Clothing,Outerwear,休闲夹克,loating_jacket,
Clothing,Outerwear,毛皮边饰夹克,fur-trimmed_jacket,
Clothing,Outerwear,两色夹克,two-tone_jacket,
Clothing,Outerwear,风衣,trench_coat,
Clothing,Outerwear,振袖,furisode,
Clothing,Outerwear,冲锋衣,windbreaker,
Clothing,Outerwear,雨衣,raincoat,
Clothing,Outerwear,羽衣,hagoromo,
Clothing,Outerwear,束腰外衣,tunic,
Clothing,Outerwear,披肩,cape,
Clothing,Outerwear,披肩,capelet,
Clothing,Outerwear,冬装,winter_clothes,
Clothing,Outerwear,毛衣,sweater,
Clothing,Outerwear,套头毛衣,pullover_sweaters,
Clothing,Outerwear,罗纹毛衣,ribbed_sweater,
Clothing,Outerwear,毛衣背心,sweater_vest,
Clothing,Outerwear,露背毛衣,backless_sweater,
Clothing,Outerwear,爱尔兰毛衣,aran_sweater,
Clothing,Outerwear,米色毛衣,beige_sweater,
Clothing,Outerwear,棕色毛衣,brown_sweater,
Clothing,Outerwear,连帽毛衣,hooded_sweater,
Clothing,Outerwear,露肩毛衣,off-shoulder_sweater,
Clothing,Outerwear,条纹毛衣,striped_sweater,
Clothing,Outerwear,处男杀手毛衣,virgin_killer_sweater,
Clothing,Outerwear,羽绒服,down_jacket,
Clothing,Outerwear,羽绒服,puffer_jacket,
Clothing,Outerwear,渔网上衣,fishnet_top,
Clothing,Waist,围裙,apron,
Clothing,Waist,腰围裙,waist apron,
Clothing,Waist,女仆围裙,maid apron,
Clothing,Waist,系在前腰的蝴蝶结,bow tied at the waist,
Clothing,Waist,穿在腰部的小披风,waist cape,
Clothing,Waist,腰间衣服,clothes around waist,
Clothing,Waist,腰围夹克,jacket around waist,
Clothing,Waist,围腰毛衣,sweater around waist,
Clothing,Waist,缠腰布,loincloth,
Clothing,Waist,胸衣,bustier,
Clothing,Waist,束腰(马甲),corset,
Clothing,Waist,紧身褡,girdle,
Clothing,Waist,皮带,belt,
Clothing,Waist,腰带,sash,
Clothing,Waist,腰封,waist cincher,
Clothing,Waist,腰链,waist chain,
Clothing,Waist,腰封带,waistband,
Clothing,Waist,装饰腰带,decorative belt,
Clothing,Waist,剑带,sword belt,
Clothing,Waist,工具带,tool belt,
Clothing,Waist,枪套,holster,
Clothing,Waist,饰带,band,
Clothing,Waist,腰包,fanny pack,
Clothing,Waist,钱袋,pouch,
Clothing,Waist,武士腰带,obi,
Clothing,Waist,宽腰带,wide belt,
Clothing,Waist,细腰带,thin belt,
Clothing,Waist,编织腰带,woven belt,
Clothing,Waist,皮革腰带,leather belt,
Clothing,Waist,链条腰带,chain belt,
Clothing,Waist,珠串腰带,beaded belt,
Clothing,Waist,金属腰带,metal belt,
Clothing,Waist,绣花腰带,embroidered belt,
Clothing,Waist,腰饰,waist ornament,
Clothing,Armor,盔甲,armor,
Clothing,Armor,比基尼盔甲,bikini_armor,
Clothing,Armor,穿着全套盔甲的,full_armor,
Clothing,Armor,板甲,plate_armor,
Clothing,Armor,日本铠甲,japanese_armor,
Clothing,Armor,腹当(日式下半盔甲),kusazuri,
Clothing,Armor,动力装甲,power_armor,
Clothing,Armor,机甲,mecha,
Clothing,Armor,头盔,helmet,
Clothing,Armor,头盔(日式),kabuto,
Clothing,Armor,無肩甲盔甲,off-shoulder_armor,
Clothing,Armor,肩甲,shoulder_armor,
Clothing,Armor,日本弓道護胸甲,muneate,
Clothing,Armor,胸甲,breastplate,
Clothing,Armor,腹甲,faulds,
Clothing,Armor,胫甲,greaves,
Clothing,Armor,胫甲,shin_guards,
Clothing,Armor,装甲靴,armored_boots,
Clothing,Armor,皮革盔甲,leather_armor,
Clothing,Armor,锁子甲,chainmail,
Clothing,Armor,鳞甲,scale_armor,
Clothing,Armor,环状甲,lamellar_armor,
Clothing,Armor,布面甲,padded_armor,
Clothing,Armor,罗马盔甲,roman_armor,
Clothing,Armor,希腊盔甲,greek_armor,
Clothing,Armor,中世纪盔甲,medieval_armor,
Clothing,Armor,骑士盔甲,knightly_armor,
Clothing,Armor,哥特式盔甲,gothic_armor,
Clothing,Armor,文艺复兴时期盔甲,renaissance_armor,
Clothing,Armor,维京盔甲,viking_armor,
Clothing,Armor,英格兰盔甲,english_armor,
Clothing,Armor,法国盔甲,french_armor,
Clothing,Armor,德国盔甲,german_armor,
Clothing,Armor,西班牙盔甲,spanish_armor,
Clothing,Armor,伊斯兰盔甲,islamic_armor,
Clothing,Armor,突厥盔甲,turkic_armor,
Clothing,Armor,蒙古盔甲,mongolian_armor,
Clothing,Armor,盾牌,shield,
Clothing,Armor,护手,gauntlet,
Clothing,Armor,明代盔甲,ming_dynasty_armor,
Clothing,Armor,清代盔甲,qing_dynasty_armor,
Clothing,Armor,唐代盔甲,tang_dynasty_armor,
Clothing,Armor,宋代盔甲,song_dynasty_armor,
Clothing,Armor,战国时期盔甲,warring_states_armor,
Clothing,Armor,汉代盔甲,han_dynasty_armor,
Clothing,Armor,鱼鳞甲,fish_scale_armor,
Clothing,Armor,札甲,zhajia,
Clothing,Armor,山文甲,shanwenjia,
Clothing,Armor,铠甲,kaijia,
Clothing,Armor,明光铠,mingguang_armor,
Clothing,Armor,锁子甲(中国),chinese_chainmail,
Clothing,Skirt,连衣裙,dress,
Clothing,Skirt,微型连衣裙,microdress,
Clothing,Skirt,长连衣裙,long_dress,
Clothing,Skirt,露肩连衣裙,off-shoulder_dress,
Clothing,Skirt,无肩带连衣裙,strapless_dress,
Clothing,Skirt,露背连衣裙,backless_dress,
Clothing,Skirt,绕颈露背吊带裙,halter_dress,
Clothing,Skirt,吊带连衣裙,sundress,
Clothing,Skirt,无袖连衣裙,sleeveless_dress,
Clothing,Skirt,水手服款裙子,sailor_dress,
Clothing,Skirt,夏日长裙,summer_dress,
Clothing,Skirt,中国服饰,china_dress,
Clothing,Skirt,围裙连衣裙,pinafore_dress,
Clothing,Skirt,套头连衣裙,sweater_dress,
Clothing,Skirt,婚纱,wedding_dress,
Clothing,Skirt,战甲裙,armored_dress,
Clothing,Skirt,花边连衣裙,frilled_dress,
Clothing,Skirt,蕾丝边连衣裙,lace-trimmed_dress,
Clothing,Skirt,有领连衣裙,collared_dress,
Clothing,Skirt,毛皮镶边连衣裙,fur-trimmed_dress,
Clothing,Skirt,分层连衣裙,layered_dress,
Clothing,Skirt,百褶连衣裙,pleated_dress,
Clothing,Skirt,绷紧的连衣裙,taut_dress,
Clothing,Skirt,铅笔裙,pencil_dress,
Clothing,Skirt,过分紧身的衣服,impossible_dress,
Clothing,Skirt,多色款连衣裙,multicolored_dress,
Clothing,Skirt,条纹连衣裙,striped_dress,
Clothing,Skirt,格子裙,checkered_skirt,
Clothing,Skirt,格子连衣裙,plaid_dress,
Clothing,Skirt,罗纹连衣裙,ribbed_dress,
Clothing,Skirt,波点连衣裙,polka_dot_dress,
Clothing,Skirt,印花连衣裙,print_dress,
Clothing,Skirt,竖条纹连衣裙,vertical-striped_dress,
Clothing,Skirt,透视连衣裙,see-through_dress,
Clothing,Skirt,短裙,skirt,
Clothing,Skirt,超短裙,microskirt,
Clothing,Skirt,迷你裙,miniskirt,
Clothing,Skirt,正装短裙,skirt_suit,
Clothing,Skirt,比基尼裙,bikini_skirt,
Clothing,Skirt,百褶裙,pleated_skirt,
Clothing,Skirt,短铅笔裙,pencil_skirt,
Clothing,Skirt,蓬蓬裙,bubble_skirt,
Clothing,Skirt,芭蕾舞裙,tutu,
Clothing,Skirt,蓬蓬裙(礼服),ballgown,
Clothing,Skirt,蓬蓬裙(儿童),pettiskirt,
Clothing,Skirt,展会女郎装束,showgirl_skirt,
Clothing,Skirt,中等长裙子,Medium length skirt,
Clothing,Skirt,皮带裙,beltskirt,
Clothing,Skirt,牛仔裙,denim_skirt,
Clothing,Skirt,吊带裙,suspender_skirt,
Clothing,Skirt,与上衣搭配的短裙,skirt_set,
Clothing,Skirt,长裙,long_skirt,
Clothing,Skirt,夏日长裙,summer_long_skirt,
Clothing,Skirt,外裙,overskirt,
Clothing,Skirt,袴裙,hakama_skirt,
Clothing,Skirt,高腰裙,high-waist_skirt,
Clothing,Skirt,和服裙,kimono_skirt,
Clothing,Skirt,背带裙,suspender_long_skirt,
Clothing,Skirt,雪纺裙,chiffon_skirt,
Clothing,Skirt,花边裙子,frilled_skirt,
Clothing,Skirt,毛皮镶边短裙,fur-trimmed_skirt,
Clothing,Skirt,蕾丝短裙,lace_skirt,
Clothing,Skirt,蕾丝边短裙,lace-trimmed_skirt,
Clothing,Skirt,缎带饰边短裙,ribbon-trimmed_skirt,
Clothing,Skirt,分层的半裙,layered_skirt,
Clothing,Skirt,印花短裙,print_skirt,
Clothing,Skirt,多色款裙子,multicolored_skirt,
Clothing,Skirt,条纹裙,striped_skirt,
Clothing,Skirt,竖条纹裙子,vertical-striped_skirt,
Clothing,Skirt,格子呢短裙,plaid_skirt,
Clothing,Skirt,伞裙,flared_skirt,
Clothing,Skirt,碎花裙,floral_skirt,
Clothing,Skirt,优雅地提着裙子,skirt_hold,
Clothing,Skirt,扯住裙摆,skirt_tug,
Clothing,Skirt,压住裙摆,dress_tug,
Clothing,Skirt,掀起裙子,skirt_lift,
Clothing,Skirt,一条腿上挂着短裙,skirt_around_one_leg,
Clothing,Skirt,脱下的短裙,skirt_removed,
Clothing,Skirt,脱下裙子,dress_removed,
Clothing,Skirt,敞开的裙子,open_skirt,
Clothing,Skirt,连衣裙上的蝴蝶结,dress_bow,
Clothing,Skirt,穿裙子,dressing_another,
Clothing,Skirt,短裙里穿着短裤,shorts_under_skirt,
Clothing,Pants,侧开衩,side_slit,
Clothing,Pants,短裤,shorts,
Clothing,Pants,小尺寸短裤,micro_shorts,
Clothing,Pants,热裤,short_shorts,
Clothing,Pants,热裤,hot_pants,
Clothing,Pants,热裤,cutoffs,
Clothing,Pants,条纹短裤,striped_shorts,
Clothing,Pants,吊带短裤,suspender_shorts,
Clothing,Pants,牛仔短裤,denim_shorts,
Clothing,Pants,蓬蓬的短裤,puffy_shorts,
Clothing,Pants,海豚短裤(真理裤),dolphin_shorts,
Clothing,Pants,海豚短裤(真理裤),dolfin_shorts,
Clothing,Pants,紧身裤,tight_pants,
Clothing,Pants,无裆裤(紧身),crotchless_pants,
Clothing,Pants,运动裤,track_pants,
Clothing,Pants,瑜伽裤,yoga_pants,
Clothing,Pants,自行车短裤,bike_shorts,
Clothing,Pants,体操短裤,gym_shorts,
Clothing,Pants,长裤,pants,
Clothing,Pants,蓬松裤,puffy_pants,
Clothing,Pants,南瓜裤,pumpkin_pants,
Clothing,Pants,袴裤,hakama_pants,
Clothing,Pants,哈伦裤,harem_pants,
Clothing,Pants,灯笼裤,bloomers,
Clothing,Pants,女式灯笼裤,buruma,
Clothing,Pants,牛仔裤,jeans,
Clothing,Pants,工装裤,cargo_pants,
Clothing,Pants,迷彩裤,camouflage_pants,
Clothing,Pants,七分裤,capri_pants,
Clothing,Pants,皮套裤(上宽下窄),chaps,
Clothing,Pants,(尤指女式)连衫裤,jumpsuit,
Clothing,Pants,低腰裤子,lowleg_pants,
Clothing,Pants,格子呢裤子,plaid_pants,
Clothing,Pants,单边长裤,single_pantsleg,
Clothing,Pants,条纹裤,striped_pants,
Clothing,Pants,西裤,dress pants,
Clothing,Pants,长裤,trousers,
Clothing,Pants,阔腿裤,culotte pants,
Clothing,Pants,慢跑裤,joggers,
Clothing,Pants,卡其裤,chino pants,
Clothing,Pants,灯芯绒裤,corduroy pants,
Clothing,Pants,运动裤,sweatpants,
Clothing,Pants,纸袋裤,paper bag pants,
Clothing,Pants,宫廷裤,Palazzo pants,
Clothing,Pants,工装短裤,cargo shorts,
Clothing,Pants,徒步裤,hiking pants,
Clothing,Pants,骑马裤,riding pants,
Clothing,Pants,喇叭裤,flared pants,
Clothing,Pants,微喇裤,bootcut pants,
Clothing,Pants,喇叭裤,bell bottoms,
Clothing,Pants,宽腿裤,wide-leg pants,
Clothing,Pants,直筒裤,straight-leg pants,
Clothing,Pants,紧身裤,skinny pants,
Clothing,Pants,男友牛仔裤,boyfriend jeans,
Clothing,Pants,妈妈牛仔裤,mom jeans,
Clothing,Pants,高腰裤,high-waisted pants,
Clothing,Pants,低腰裤,low-waisted pants,
Clothing,Pants,连体裤,overall pants,
Clothing,Pants,不对称的裤子,asymmetrical_legwear,
Clothing,Pants,把连衣裤裆部剥到一边,leotard_aside,
Clothing,Pants,解开的裤子拉链,open_fly,
Clothing,Pants,褪下裤子,pants_down,
Clothing,Pants,裤子卷起来,pants_rolled_up,
Clothing,Pants,裤子塞进去,pants_tucked_in,
Clothing,Pants,破损的牛仔裤,torn_jeans,
Clothing,Pants,破损的裤子,torn_pants,
Clothing,Pants,破损的短裤,torn_shorts,
Clothing,Socks,全身袜,bodystocking,
Clothing,Socks,连裤袜,pantyhose,
Clothing,Socks,裤袜,leggings,
Clothing,Socks,裤袜(泛指裤袜或长筒袜),legwear,
Clothing,Socks,长筒袜(过膝高筒袜),thighhighs,
Clothing,Socks,中筒袜,kneehighs,
Clothing,Socks,短袜,socks,
Clothing,Socks,裸腿,bare_legs,
Clothing,Socks,连体黑丝,black_bodystocking,
Clothing,Socks,连体白丝,white_bodystocking,
Clothing,Socks,衣服下的袜子,stocking_under_clothes,
Clothing,Socks,黑丝裤袜,black_pantyhose,
Clothing,Socks,白丝裤袜,white_pantyhose,
Clothing,Socks,有腿环的裤袜,thighband_pantyhose,
Clothing,Socks,紧致的裤袜(勾勒出线条),pantylines,
Clothing,Socks,单边穿着连裤袜,single_leg_pantyhose,
Clothing,Socks,裤袜里的内裤,panties_under_pantyhose,
Clothing,Socks,网袜(材质),fishnets,
Clothing,Socks,渔网袜,stirrup_legwear,
Clothing,Socks,露趾袜,toeless_legwear,
Clothing,Socks,双色裤袜,mismatched_legwear,
Clothing,Socks,双色裤袜,two-tone_legwear,
Clothing,Socks,不对称裤袜,asymmetrical_legwear,
Clothing,Socks,长短袜,uneven_legwear,
Clothing,Socks,白色长筒袜,white_thighhighs,
Clothing,Socks,黑色长筒袜,black_thighhighs,
Clothing,Socks,粉色长筒袜,pink_thighhighs,
Clothing,Socks,吊带袜,suspenders,
Clothing,Socks,腰带(吊带袜的),garter_straps,
Clothing,Socks,破损的裤袜,torn_legwear,
Clothing,Socks,损坏了的长筒袜,torn_thighhighs,
Clothing,Socks,透明的袜子,see-through_legwear_,
Clothing,Socks,花边袜,frilled_legwear,
Clothing,Socks,蕾边袜丝,lace-trimmed_legwear,
Clothing,Socks,有接缝的袜,seamed_legwear,
Clothing,Socks,中间有一条黑线的袜子,back-seamed_legwear,
Clothing,Socks,动物耳朵过膝袜,animal_ear_legwear,
Clothing,Socks,横条纹袜,striped_legwear,
Clothing,Socks,竖条纹袜,vertical-striped_legwear,
Clothing,Socks,圆斑袜,polka_dot_legwear,
Clothing,Socks,印花袜,print_legwear,
Clothing,Socks,短裤穿在袜子外,legwear_under_shorts,
Clothing,Socks,过膝袜,over-kneehighs,
Clothing,Socks,鲍比袜(白短袜),bobby_socks,
Clothing,Socks,日式厚底短袜(足袋),tabi,
Clothing,Socks,泡泡袜,loose_socks,
Clothing,Socks,踝袜,ankle_socks,
Clothing,Socks,暖腿袜,leg_warmers,
Clothing,Socks,单短袜,single_sock,
Clothing,Socks,横条短袜,striped_socks,
Clothing,Socks,含菱形花纹的裤袜,argyle_legwear,
Clothing,Socks,带蝴蝶结的裤袜,bow_legwear,
Clothing,Socks,袜带,garters,
Clothing,Socks,腿环,leg_garter,
Clothing,Socks,吊带袜的吊带,garter_straps,
Clothing,Socks,大腿绑带,thigh_strap,
Clothing,Socks,大腿缎带,thigh_ribbon,
Clothing,Socks,腿锻带,leg_ribbon,
Clothing,Socks,腿上的绷带,bandaid_on_leg,
Clothing,Socks,包扎过的腿,bandaged_leg,
Clothing,Socks,脚踝系带,ankle_lace-up,
Clothing,Socks,大腿皮套,thigh_holster,
Clothing,Socks,膝盖上的创可贴,bandaid_on_knee,
Clothing,Socks,袜子有开口,leg_cutout,
Clothing,Socks,靴子穿在袜子外面,thighhighs_under_boots,
Clothing,Socks,整理裤袜,adjusting_legwear,
Clothing,Socks,褪下的裤袜,pantyhose_pull,
Clothing,Socks,脱袜子,socks_removed,
Clothing,Socks,拉着袜子(短袜),sock_pull,
Clothing,Socks,拉着袜子(长袜),thighhighs_pull,
Clothing,Material,装甲的,armored,
Clothing,Material,帆布的,canvas,
Clothing,Material,牛仔布的,denim,
Clothing,Material,毛茸茸的,fluffy,
Clothing,Material,毛皮的,fur,
Clothing,Material,乳胶的,latex,
Clothing,Material,皮革的,leather,
Clothing,Material,透明的,see-through,
Clothing,Material,弹性纤维的,spandex,
Clothing,Material,紧身的,tight,
Clothing,Material,丝绸的,silk,
Clothing,Material,羊毛的,wool,
Clothing,Material,棉布的,cotton,
Clothing,Material,亚麻的,linen,
Clothing,Material,丝绒的,velvet,
Clothing,Material,雪纺的,chiffon,
Clothing,Material,蕾丝的,lace,
Clothing,Material,针织的,knitted,
Clothing,Material,皮草的,fur,
Clothing,Material,人造皮革的,faux leather,
Clothing,Material,聚酯纤维的,polyester,
Clothing,Material,尼龙的,nylon,
Clothing,Material,真丝的,real silk,
Clothing,Material,羊绒的,cashmere,
Clothing,Material,天鹅绒的,velour,
Clothing,Material,府绸的,taffeta,
Clothing,Material,乔其纱的,georgette,
Clothing,Material,缎的,satin,
Clothing,Material,褶皱的,crinkled,
Clothing,Material,提花的,jacquard,
Clothing,Material,灯芯绒的,corduroy,
Clothing,Material,丝光棉的,mercerized cotton,
Clothing,Material,法兰绒的,flannel,
Clothing,Material,磨毛的,brushed,
Clothing,Material,防水的,waterproof,
Clothing,Material,透气的,breathable,
Clothing,Material,棉绸的,cotton voile,
Clothing,Material,斜纹棉布的,twill,
Clothing,Material,苎麻的,ramie,
Clothing,Material,麻布的,burlap,
Clothing,Material,竹纤维的,bamboo fiber,
Clothing,Material,再生纤维的,recycled fiber,
Clothing,Material,有机棉的,organic cotton,
Clothing,Trim,褶边,frilled,
Clothing,Trim,中心褶花边,center_frills,
Clothing,Trim,起皱的(有褶的),crease,
Clothing,Trim,分层的,layered,
Clothing,Trim,蕾丝,lace,
Clothing,Trim,皮草饰边,fur_trim,
Clothing,Trim,毛边的,fur-trimmed,
Clothing,Trim,材质增强,fine_fabric_emphasis,
Clothing,Trim,乳胶材质的长筒袜,latex_thighhighs,
Clothing,Trim,透明的长筒袜,see-through_thighhighs,
Clothing,Trim,露出屁股的服饰,ass_cutout,
Clothing,Trim,不对称的服饰,asymmetrical_clothes,
Clothing,Trim,(服饰)打在背后的结,back_bow,
Clothing,Trim,服饰互换,costume_switch,
Clothing,Trim,交叉花边服饰,cross-laced_clothes,
Clothing,Trim,服饰上有两条平行条纹,double_vertical_stripe,
Clothing,Trim,吊带式的上身的服饰,halter_top,
Clothing,Trim,多色款腿部服饰,multicolored_legwear,
Clothing,Trim,海军蓝腿部服饰,navy_blue_legwear,
Clothing,Trim,改款过的日本服饰,nontraditional_miko,
Clothing,Trim,侧边开口的服饰,side_cutout,
Clothing,Trim,侧面有缝的服饰,side_slit,
Clothing,Trim,侧面没有布料的服饰,sideless_outfit,
Clothing,Trim,单边穿着过膝服饰,single_kneehigh,
Clothing,Trim,露出单边服饰上的垂直条纹,single_vertical_stripe,
Clothing,Trim,高领服饰,turtleneck,
Clothing,Trim,双层样式的服饰画法,two-sided_fabric,
Clothing,Trim,带O型环的衣物,o-ring,
Clothing,Trim,带O型环的上衣,o-ring_top,
Clothing,Trim,须边(围巾末端),fringe_trim,
Clothing,Trim,松散的带子(衣物),loose_belt,
Clothing,Trim,小绒球(衣物挂件),pom_pom_(clothes),
Clothing,Trim,衣服的抽绳,drawstring,
Clothing,Trim,有整件衣物长的拉链,full-length_zipper,
Clothing,Trim,褶裥(衣物),gathers,
Clothing,Trim,缝在衣服上衬料,gusset,
Clothing,Trim,胸口的袋子,breast_pocket,
Clothing,Pattern,阿盖尔菱形花纹,argyle,
Clothing,Pattern,格子花纹,checkered,
Clothing,Pattern,多彩条纹,colored_stripes,
Clothing,Pattern,斜条纹,diagonal_stripes,
Clothing,Pattern,水平条纹,horizontal_stripes,
Clothing,Pattern,多彩条纹,multicolored_stripes,
Clothing,Pattern,点装纹,polka_dot_,
Clothing,Pattern,棱纹,ribbed,
Clothing,Pattern,横条纹,striped,
Clothing,Pattern,连续重复花纹,unmoving_pattern,
Clothing,Pattern,竖条纹,vertical_stripes,
Clothing,Pattern,格子呢图案,plaid,
Clothing,Pattern,动物印花,animal_print,
Clothing,Pattern,猫咪印花,cat_print,
Clothing,Pattern,熊印花,bear_print,
Clothing,Pattern,鸟印花,bird_print,
Clothing,Pattern,兔子印花,bunny_print,
Clothing,Pattern,奶牛印花,cow_print,
Clothing,Pattern,龙印花,dragon_print,
Clothing,Pattern,鱼印花,fish_print,
Clothing,Pattern,青蛙印花,frog_print,
Clothing,Pattern,鲨鱼印花,shark_print,
Clothing,Pattern,蛇纹,snake_print,
Clothing,Pattern,斑马印花,zebra_print,
Clothing,Pattern,虎纹,tiger_print,
Clothing,Pattern,豹纹,leopard_print,
Clothing,Pattern,美洲豹印花,jaguar_print,
Clothing,Pattern,蝙蝠印花,bat_print,
Clothing,Pattern,土狼印花,aardwolf_print,
Clothing,Pattern,非洲野狗印花,african_wild_dog_print,
Clothing,Pattern,猎豹印花,cheetah_print,
Clothing,Pattern,狗印花,dog_print,
Clothing,Pattern,狐狸印花,fox_print,
Clothing,Pattern,长颈鹿印花,giraffe_print,
Clothing,Pattern,熊猫印花,panda_print,
Clothing,Pattern,沙猫印花,sand_cat_print,
Clothing,Pattern,鲸鱼印花,whale_print,
Clothing,Pattern,白虎纹,white_tiger_print,
Clothing,Pattern,金鱼印花,goldfish_print,
Clothing,Pattern,翼印,wing_print,
Clothing,Pattern,蛛网纹,spider_web_print,
Clothing,Pattern,蝴蝶印花,butterfly_print,
Clothing,Pattern,碎花,floral_print,
Clothing,Pattern,叶印花,leaf_print,
Clothing,Pattern,三叶草印花,clover_print,
Clothing,Pattern,枫叶印花,maple_leaf_print,
Clothing,Pattern,玫瑰印花,rose_print,
Clothing,Pattern,草莓印花,strawberry_print,
Clothing,Pattern,樱桃印花,cherry_print,
Clothing,Pattern,竹印花,bamboo_print,
Clothing,Pattern,胡萝卜印花,carrot_print,
Clothing,Pattern,芙蓉印花,hibiscus_print,
Clothing,Pattern,南瓜灯印花,jack-o-lantern_print,
Clothing,Pattern,花瓣印花,petal_print,
Clothing,Pattern,向日葵印花,sunflower_print,
Clothing,Pattern,西瓜印花,watermelon_print,
Clothing,Pattern,天空印花,sky_print,
Clothing,Pattern,云印花,cloud_print,
Clothing,Pattern,闪电印花,lightning_bolt_print,
Clothing,Pattern,彩虹印花,rainbow_print,
Clothing,Pattern,雪花印花,snowflake_print,
Clothing,Pattern,星空印花,starry_sky_print,
Clothing,Pattern,新月印花,crescent_print,
Clothing,Pattern,星形印花,star_print,
Clothing,Pattern,星形符号,star_(symbol),
Clothing,Pattern,月亮印花,moon_print,
Clothing,Pattern,太阳印花,sun_print,
Clothing,Pattern,字符印花,character_print,
Clothing,Pattern,衣服上的字,clothes_writing_,
Clothing,Pattern,锚印花,anchor_print,
Clothing,Pattern,樱花印花,cherry_blossom_print,
Clothing,Pattern,音符印花,musical_note_print,
Clothing,Pattern,三角印花,triangle_print,
Clothing,Pattern,箭头打印,arrow_print,
Clothing,Pattern,波浪纹,wave_print,
Clothing,Pattern,☮(东方仗助衣服上有),peace_symbol,
Clothing,Pattern,心形图案,heart_print,
Clothing,Pattern,火焰印花,flame_print,
Clothing,Pattern,鬼火印花,hitodama_print,
Clothing,Pattern,爪印花,paw_print,
Clothing,Pattern,骨架印花,skeleton_print,
Clothing,Pattern,骷髅头印花,skull_print,
Clothing,Pattern,闪闪发光的印花,sparkle_print,
Clothing,Pattern,阴阳印花,yin_yang_print,
Clothing,Pattern,十字架元素图案,cross_print,
Clothing,Pattern,迷彩,camoflage,
Clothing,Pattern,旗帜印花,flag_print,
Clothing,Pattern,骨印花,bone_print,
Clothing,Pattern,幽灵印画,ghost_print,
Clothing,Pattern,蘑菇印花,mushroom_print,
Clothing,Pattern,饭团打印,onigiri_print,
Clothing,Pattern,猫耳造型,cat_ear,
Clothing,Pattern,猫耳造型镂空,cat_ear_cutout,
Clothing,Shoes,赤脚,barefoot,
Clothing,Shoes,没有鞋子,no_shoes,
Clothing,Shoes,脱下的鞋子,shoes_removed,
Clothing,Shoes,单鞋,single_shoe,
Clothing,Shoes,单鞋,the_only_shoe,
Clothing,Shoes,乐福鞋(小皮鞋),black_loafers,
Clothing,Shoes,运动鞋,shoes,
Clothing,Shoes,室内鞋,uwabaki,
Clothing,Shoes,厚底鞋,platform_footwear,
Clothing,Shoes,高跟鞋,high_heels,
Clothing,Shoes,细跟高跟鞋,stiletto_heels,
Clothing,Shoes,带束带的高跟鞋,strappy_heels,
Clothing,Shoes,厚底高跟鞋,platform_heels_,
Clothing,Shoes,舰C舰娘专用鞋,rudder_footwear,
Clothing,Shoes,凉鞋,sandals,
Clothing,Shoes,裸足凉鞋,barefoot_sandals,
Clothing,Shoes,木屐凉鞋,clog_sandals,
Clothing,Shoes,木屐,geta,
Clothing,Shoes,拖鞋,slippers,
Clothing,Shoes,溜冰鞋,skates,
Clothing,Shoes,旱冰鞋,roller_skates,
Clothing,Shoes,动物脚,animal_feet,
Clothing,Shoes,动物拖鞋,animal_slippers,
Clothing,Shoes,脚环,anklet,
Clothing,Shoes,镣铐,shackles,
Clothing,Shoes,棕色鞋类,brown_footwear,
Clothing,Shoes,交叉系带鞋,cross-laced_footwear,
Clothing,Shoes,乐福鞋,loafers,
Clothing,Shoes,珍妮鞋,mary_janes,
Clothing,Shoes,双色鞋子,mismatched_footwear,
Clothing,Shoes,尖头鞋,pointy_footwear,
Clothing,Shoes,低胸装高跟鞋打扮,pumps,
Clothing,Shoes,脱下凉鞋,sandals_removed,
Clothing,Shoes,鞋底,shoe_soles,
Clothing,Shoes,鞋带,shoelaces,
Clothing,Shoes,运动鞋,sneakers,
Clothing,Shoes,带翅膀的鞋子,winged_footwear,
Clothing,Shoes,日式草鞋,zouri,
Clothing,Shoes,靴子,boots,
Clothing,Shoes,脱下的靴子,boots_removed,
Clothing,Shoes,大腿靴,thigh_boots,
Clothing,Shoes,及膝靴(马靴),knee_boots,
Clothing,Shoes,系带靴,cross-laced_footwear,
Clothing,Shoes,踝靴,ankle_boots,
Clothing,Shoes,高跟靴,high_heel_boots,
Clothing,Shoes,露趾靴,toeless_boots,
Clothing,Shoes,系带靴,lace-up_boots,
Clothing,Shoes,毛边靴子,fur-trimmed_boots,
Clothing,Shoes,雪地靴,snow_boots,
Clothing,Shoes,脚链,anklet,
Clothing,Shoes,胶靴,rubber_boots,
Clothing,Shoes,圣诞靴,santa_boots,
Clothing,Shoes,皮靴,leather_boots,
Clothing,Shoes,靴子下的长筒袜,thighhighs_under_boots,
Clothing,Shoes,作战靴,combat_boots,
Clothing,Shoes,马丁靴,doc_martens,
Clothing,Shoes,雨靴,rain_boots,
Clothing,Shoes,皮带靴,belt_boots,
Clothing,Shoes,矮跟休闲皮草靴,fur_boots,
Clothing,Shoes,一只脚没穿靴子,single_boot,
Clothing,Shoes,鞋底,shoe_soles,
Clothing,Shoes,拱形鞋底,arched_soles,
Clothing,Shoes,爪印鞋底,paw_print_soles,
Clothing,Shoes,马蹄铁,horseshoe,
Clothing,Neck,水手领,sailor_collar,
Clothing,Neck,毛皮衣领,fur_collar,
Clothing,Neck,花边衣领,frilled_collar,
Clothing,Neck,竖起来的衣领,popped_collar,
Clothing,Neck,颈部饰品,choker,
Clothing,Neck,黑色颈圈,black_choker,
Clothing,Neck,皮带颈环,belt_collar,
Clothing,Neck,褶边项链,frilled_choker,
Clothing,Neck,领巾,neckerchief,
Clothing,Neck,红领巾,red_neckerchief,
Clothing,Neck,领带,necktie,
Clothing,Neck,短领带,short_necktie,
Clothing,Neck,白色领带,white_necktie,
Clothing,Neck,蝴蝶结领带,bowtie,
Clothing,Neck,挂在脖子上的耳机,headphones_around_neck,
Clothing,Neck,脖子上护目镜,goggles_around_neck,
Clothing,Neck,颈铃,neck_bell,
Clothing,Neck,领口,neck_ruff,
Clothing,Neck,V领,v-neck,
Clothing,Neck,脖子上的毛巾,towel_around_neck,
Clothing,Neck,宽松领带,loose_necktie,
Clothing,Neck,颈部纹身,neck_tattoo,
Clothing,Neck,领巾状宽领带,ascot,
Clothing,Neck,颈丝带,ribbon_choker,
Clothing,Neck,阴贴,maebari,
Clothing,Neck,乳贴,pasties,
Clothing,Neck,乳贴,latex,
Clothing,Neck,破烂衣服,torn_clothes,
Clothing,Neck,铁十字勋章,iron_cross,
Clothing,Neck,中国结,chinese_knot,
Clothing,Neck,十字架项链,cross_necklace,
Clothing,Neck,珠子项链,bead_necklace,
Clothing,Neck,珍珠项链,pearl_necklace,
Clothing,Neck,心形项链,heart_necklace,
Clothing,Neck,胡萝卜项链,carrot_necklace,
Clothing,Neck,锁链项链,chain_necklace,
Clothing,Neck,珠玉项链,magatama_necklace,
Clothing,Neck,牙项链,tooth_necklace,
Clothing,Neck,钥匙项链,key_necklace,
Clothing,Neck,锚项链,anchor_necklace,
Clothing,Neck,骷髅项链,skull_necklace,
Clothing,Neck,贝壳项链,shell_necklace,
Clothing,Neck,金项链,gold_necklace,
Clothing,Neck,新月项链,crescent_necklace,
Clothing,Neck,戒指项链,ring_necklace,
Clothing,Neck,羽毛项链,feather_necklace,
Clothing,Neck,骨项链,bone_necklace,
Clothing,Neck,十字项链,ankh_necklace,
Clothing,Neck,多条项链,multiple_necklaces,
Clothing,Neck,子弹项链,bullet_necklace,
Clothing,Neck,拿着项链,holding_necklace,
Clothing,Neck,项链被移除,necklace_removed,
Clothing,Neck,棕色领饰,brown_neckwear,
Clothing,Neck,格子领口,checkered_neckwear,
Clothing,Neck,斜纹领结,diagonal-striped_neckwear,
Clothing,Neck,绕颈系带,halterneck,
Clothing,Neck,脖子上有痣,mole_on_neck,
Clothing,Neck,脖子,neck,
Clothing,Neck,颈部系着缎带,neck_ribbon,
Clothing,Neck,颈环,neck_ring,
Clothing,Neck,项链,necklace,
Clothing,Neck,格子呢领子,plaid_neckwear,
Clothing,Neck,深领,plunging_neckline,
Clothing,Neck,印花领带,print_neckwear,
Clothing,Neck,无袖高领毛衣,sleeveless_turtleneck,
Clothing,Neck,星形项链,star_necklace,
Clothing,Neck,条纹领子,striped_neckwear,
Clothing,Neck,高领毛衣,turtleneck_sweater,
Clothing,Neck,解开领带,undone_necktie,
Clothing,Neck,脖子上挂着口哨,whistle_around_neck,
Clothing,Neck,格子围巾,plaid_scarf,
Clothing,Neck,条纹围巾,striped_scarf,
Clothing,Neck,印花围巾,print_scarf,
Clothing,Neck,竖条纹围巾,vertical-striped_scarf,
Clothing,Neck,波点围巾,polka_dot_scarf,
Clothing,Neck,菱形围巾,argyle_scarf,
Clothing,Neck,米色围巾,beige_scarf,
Clothing,Neck,围巾蝴蝶结,scarf_bow,
Clothing,Neck,皮草围巾,fur_scarf,
Clothing,Neck,裸围巾,naked_scarf,
Clothing,Neck,五彩围巾,multicolored_scarf,
Clothing,Neck,漂浮围巾,floating_scarf,
Clothing,Neck,长围巾,long_scarf,
Clothing,Neck,手臂围巾,arm_scarf,
Clothing,Neck,头上的围巾,scarf_on_head,
Clothing,Neck,围巾在嘴上,scarf_over_mouth,
Clothing,Neck,围巾被取下,scarf_removed,
Clothing,Neck,调整围巾,adjusting_scarf,
Clothing,Neck,拿着围巾,holding_scarf,
Clothing,Neck,扯围巾,scarf_pull,
Clothing,Neck,棕色围巾,brown_scarf,
Clothing,Neck,围巾,scarf,
Clothing,Masks,眼镜,glasses,
Clothing,Masks,护目镜,eyewear,
Clothing,Masks,单片眼镜,monocle,
Clothing,Masks,带框眼镜,under-rim_eyewear,
Clothing,Masks,无框眼镜,rimless_eyewear,
Clothing,Masks,半无框眼镜,semi-rimless_eyewear,
Clothing,Masks,红框眼镜,red-framed_eyewear,
Clothing,Masks,圆框眼镜,round_eyewear,
Clothing,Masks,黑框眼镜,black-framed_eyewear,
Clothing,Masks,有色眼镜,tinted_eyewear,
Clothing,Masks,医用眼罩,medical_eyepatch,
Clothing,Masks,独眼绷带,bandage_over_one_eye,
Clothing,Masks,歪斜的眼镜,crooked_eyewear,
Clothing,Masks,取下眼镜,eyewear_removed,
Clothing,Masks,太阳镜,sunglasses,
Clothing,Masks,风镜,goggles,
Clothing,Masks,眼罩,Blindfold,
Clothing,Masks,独眼眼罩,eyepatch,
Clothing,Masks,面罩,visor,
Clothing,Masks,戴眼镜的,bespectacled,
Clothing,Masks,蓝框眼镜,blue-framed_eyewear,
Clothing,Masks,棕色镜框眼镜,brown-framed_eyewear,
Clothing,Masks,厚瓶底眼镜,coke-bottle_glasses,
Clothing,Masks,无眼镜,no_eyewear,
Clothing,Masks,不透明眼镜,opaque_glasses,
Clothing,Masks,下半无框眼镜,over-rim_eyewear,
Clothing,Masks,面具,mask,
Clothing,Masks,半面罩,half_mask,
Clothing,Masks,蒙面,masked,
Clothing,Masks,抬起面罩,mask_lift,
Clothing,Masks,掀到头上的面具,mask_on_head,
Clothing,Masks,摘下的面具,mask_removed,
Clothing,Masks,口罩,mouth_mask,
Clothing,Masks,医用口罩,surgical_mask,
Clothing,Masks,N95口罩,N95 mask,
Clothing,Masks,KN95口罩,KN95 mask,
Clothing,Masks,活性炭口罩,activated carbon mask,
Clothing,Masks,防尘口罩,dust mask,
Clothing,Masks,瘟疫医生口罩,plague_doctor_mask,
Clothing,Masks,防毒面具,gas_mask,
Clothing,Masks,面甲,visor,
Clothing,Masks,头盔,helmet,
Clothing,Masks,狐狸面具,fox_mask,
Clothing,Masks,潜水面罩,diving_mask,
Clothing,Masks,头戴式潜水面罩,diving_mask_on_head,
Clothing,Masks,鬼面具,oni_mask,
Clothing,Masks,天狗面具,tengu_mask,
Clothing,Masks,忍者面具,ninja_mask,
Clothing,Masks,骷髅面具,skull_mask,
Clothing,Masks,曲棍球面具,hockey_mask,
Clothing,Masks,鸟面具,bird_mask,
Clothing,Masks,石鬼面,stone_mask,
Clothing,Masks,马面具,horse_mask,
Clothing,Masks,化妆舞会面具,masquerade_mask,
Clothing,Masks,SM面具,domino_mask,
Clothing,Masks,剧院面具,theater mask,
Clothing,Masks,部落面具,tribal mask,
Clothing,Masks,仪式面具,ceremonial mask,
Clothing,Masks,超级英雄面具,superhero mask,
Clothing,Masks,动物面具,animal mask,
Clothing,Arm,长袖,long_sleeves,
Clothing,Arm,短袖,short_sleeves,
Clothing,Arm,宽袖,wide_sleeves,
Clothing,Arm,振袖,furisode,
Clothing,Arm,分离式袖子,detached_sleeves,
Clothing,Arm,单袖,single_sleeve,
Clothing,Arm,无袖,sleeveless,
Clothing,Arm,不对称袖子,asymmetrical_sleeves,
Clothing,Arm,蓬松的袖子,puffy_sleeves,
Clothing,Arm,蓬蓬长袖,puffy_long_sleeves,
Clothing,Arm,蓬蓬短袖,puffy_short_sleeves,
Clothing,Arm,褶袖边,frilled_sleeves,
Clothing,Arm,朱丽叶袖,juliet_sleeves,
Clothing,Arm,绷带手臂,bandaged_arm,
Clothing,Arm,插肩袖,raglan_sleeves,
Clothing,Arm,下臂护甲,vambraces,
Clothing,Arm,分层袖子,layered_sleeves,
Clothing,Arm,毛边袖子,fur-trimmed_sleeves,
Clothing,Arm,透明袖子,see-through_sleeves,
Clothing,Arm,撕裂的袖子,torn_sleeves,
Clothing,Arm,袖子过指,sleeves_past_fingers,
Clothing,Arm,袖子过腕,sleeves_past_wrists,
Clothing,Arm,袖子过肘,sleeves_past_elbows,
Clothing,Arm,袖子上推,sleeves_pushed_up,
Clothing,Arm,袖子里的手臂,arm_out_of_sleeve,
Clothing,Arm,不均匀的袖子,uneven_sleeves,
Clothing,Arm,不匹配的袖子,mismatched_sleeves,
Clothing,Arm,袖子卷起,sleeve_rolled_up,
Clothing,Arm,单只袖子卷起,sleeves_rolled_up,
Clothing,Arm,羽毛装饰的袖子,feather-trimmed_sleeves,
Clothing,Arm,双手交叉伸进袖子里,hands_in_opposite_sleeves,
Clothing,Arm,蕾丝边袖子,lace-trimmed_sleeves,
Clothing,Arm,掐袖子,pinching_sleeves,
Clothing,Arm,蓬蓬的袖子,puffy_detached_sleeves,
Clothing,Arm,棱纹袖子,ribbed_sleeves,
Clothing,Arm,单边没脱掉的袖子,single_detached_sleeve,
Clothing,Arm,叠起来的袖子,sleeves_folded_up,
Clothing,Arm,条纹袖子,striped_sleeves,
Clothing,Arm,和袖子分开的手腕的袖口,wrist_cuffs,
Clothing,Arm,袖章(臂带),armband,
Clothing,Arm,臂镯,armlet,
Clothing,Arm,手臂袜带,arm_garter,
Clothing,Arm,绷带,bandage,
Clothing,Arm,皮带,leash,
Clothing,Arm,手臂纹身,arm_tattoo,
Clothing,Arm,数字文身,number_tattoo,
Clothing,Arm,珠子手链,bead_bracelet,
Clothing,Arm,手镯,bracelet,
Clothing,Arm,花手镯,flower_bracelet,
Clothing,Arm,带钉手镯,spiked_bracelet,
Clothing,Arm,腕饰,wrist_cuffs,
Clothing,Arm,腕带,wristband,
Clothing,Arm,护腕,bracer,
Clothing,Arm,袖口,cuffs,
Clothing,Arm,绑定手腕,bound_wrists,
Clothing,Arm,手腕发圈,wrist_scrunchie,
Clothing,Arm,手铐,handcuffs,
Clothing,Arm,手铐,shackles,
Clothing,Arm,锁链,chains,
Clothing,Arm,锁链带牵绳,chain_leash,
Clothing,Hand,手套,gloves,
Clothing,Hand,脱下手套,gloves_removed,
Clothing,Hand,无手套,no_gloves,
Clothing,Hand,单只手套,single_glove,
Clothing,Hand,单手戴着过肘的手套,single_elbow_glove,
Clothing,Hand,长手套,long_gloves,
Clothing,Hand,长袖手套(肘部手套),elbow_gloves,
Clothing,Hand,新娘手套,bridal_gauntlets,
Clothing,Hand,半截手套,half_gloves,
Clothing,Hand,露指手套,fingerless_gloves,
Clothing,Hand,部分露指手套,partially_fingerless_gloves,
Clothing,Hand,爪子手套(分指手套),paw_gloves,
Clothing,Hand,连指手套(两指手套),mittens,
Clothing,Hand,棒球手套,baseball_mitt,
Clothing,Hand,毛边手套,fur-trimmed_gloves,
Clothing,Hand,乳胶手套,latex_gloves,
Clothing,Hand,蕾丝边手套,lace-trimmed_gloves,
Clothing,Hand,皮手套,leather_gloves,
Clothing,Hand,花边手套,frilled_gloves,
Clothing,Hand,双色手套,mismatched_gloves,
Clothing,Hand,多色款手套,multicolored_gloves,
Clothing,Hand,不对称的手套,asymmetrical_gloves,
Clothing,Hand,棕色手套,brown_gloves,
Clothing,Hand,隔热手套,oven_mitts,
Clothing,Hand,印花手套,print_gloves,
Clothing,Hand,条纹手套,striped_gloves,
Clothing,Hand,破损的手套,torn_gloves,
Clothing,Hand,歌剧手套,opera_gloves,
Clothing,Hand,腕套,wristlets,
Clothing,Hand,驾驶手套,driving_gloves,
Clothing,Hand,护甲手套,gauntlets,
Clothing,Hand,工作手套,work_gloves,
Clothing,Hand,焊接手套,welding_gloves,
Clothing,Hand,园艺手套,gardening_gloves,
Clothing,Hand,冬季手套,winter_gloves,
Clothing,Hand,滑雪手套,ski_gloves,
Clothing,Hand,羊绒手套,cashmere_gloves,
Clothing,Hand,缎子手套,satin_gloves,
Clothing,Hand,天鹅绒手套,velvet_gloves,
Clothing,Hand,刺绣手套,embroidered_gloves,
Clothing,Hand,串珠手套,beaded_gloves,
Clothing,Hand,亮片手套,sequined_gloves,
Clothing,Hand,羽毛手套,feathered_gloves,
Clothing,Hand,露指连指手套,fingerless_mittens,
Clothing,Hand,可转换连指手套,convertible_mittens,
Clothing,Hand,订婚戒指,engagement_ring,
Clothing,Hand,结婚戒指,wedding_ring,
Clothing,Hand,承诺戒指,promise_ring,
Clothing,Hand,鸡尾酒戒指,cocktail_ring,
Clothing,Hand,印章戒指,signet_ring,
Clothing,Hand,生辰石戒指,birthstone_ring,
Clothing,Hand,情绪戒指,mood_ring,
Clothing,Hand,克拉达戒指,claddagh_ring,
Clothing,Hand,毒药戒指,poison_ring,
Clothing,Hand,钻石戒指,diamond_ring,
Clothing,Hand,金戒指,gold_ring,
Clothing,Hand,银戒指,silver_ring,
Clothing,Hand,铂金戒指,platinum_ring,
Clothing,Hand,珍珠戒指,pearl_ring,
Clothing,Hand,红宝石戒指,ruby_ring,
Clothing,Hand,蓝宝石戒指,sapphire_ring,
Clothing,Hand,祖母绿戒指,emerald_ring,
Clothing,Earring,十字耳环,cross_earrings,
Clothing,Earring,水晶耳环,crystal_earrings,
Clothing,Earring,耳环,earrings,
Clothing,Earring,花耳环,flower_earrings,
Clothing,Earring,心形耳环,heart_earrings,
Clothing,Earring,环状耳环,hoop_earrings,
Clothing,Earring,多个耳环,multiple_earrings,
Clothing,Earring,药丸样式的耳环,pill_earrings,
Clothing,Earring,只一边戴着耳环,single_earring,
Clothing,Earring,骷髅耳环,skull_earrings,
Clothing,Earring,星形耳环,star_earrings,
Clothing,Earring,耳钉,stud_earrings,
Clothing,Earring,耳坠,dangle_earrings,
Clothing,Earring,耳钩,hook_earrings,
Clothing,Earring,耳夹,clip-on_earrings,
Clothing,Earring,磁铁耳环,magnetic_earrings,
Clothing,Earring,水滴形耳环,teardrop_earrings,
Clothing,Earring,几何形耳环,geometric_earrings,
Clothing,Earring,动物形耳环,animal_earrings,
Clothing,Earring,昆虫形耳环,insect_earrings,
Clothing,Earring,字母耳环,letter_earrings,
Clothing,Earring,数字耳环,number_earrings,
Clothing,Earring,羽毛耳环,feather_earrings,
Clothing,Earring,流苏耳环,tassel_earrings,
Clothing,Earring,珍珠耳环,pearl_earrings,
Clothing,Earring,钻石耳环,diamond_earrings,
Clothing,Earring,黄金耳环,gold_earrings,
Clothing,Earring,白金耳环,platinum_earrings,
Clothing,Earring,银耳环,silver_earrings,
Clothing,Earring,木质耳环,wooden_earrings,
Clothing,Earring,塑料耳环,plastic_earrings,
Clothing,Earring,树脂耳环,resin_earrings,
Clothing,Earring,波西米亚风耳环,bohemian_earrings,
Clothing,Earring,复古风耳环,vintage_earrings,
Clothing,Earring,朋克风耳环,punk_earrings,
Clothing,Earring,哥特风耳环,goth_earrings,
Clothing,Earring,极简风耳环,minimalist_earrings,
Clothing,Headwear,光环,halo,
Clothing,Headwear,机械光环,mechanical_halo,
Clothing,Headwear,头饰,headwear,
Clothing,Headwear,头巾,headpiece,
Clothing,Headwear,头饰已移除,headwear_removed,
Clothing,Headwear,头花环,head_wreath,
Clothing,Headwear,皇冠,crown,
Clothing,Headwear,迷你皇冠,mini_crown,
Clothing,Headwear,头冠,tiara,
Clothing,Headwear,王冠,diadem,
Clothing,Headwear,倾斜的头饰,tilted_headwear,
Clothing,Headwear,头鳍,head_fins,
Clothing,Headwear,女仆头饰,maid_headdress,
Clothing,Headwear,新娘头纱,bridal_veil,
Clothing,Headwear,头带,headband,
Clothing,Headwear,头盔,helmet,
Clothing,Headwear,替代头饰,alternate_headwear,
Clothing,Headwear,毛边头饰,fur-trimmed_headwear,
Clothing,Headwear,帽子上的护目镜,goggles_on_headwear,
Clothing,Headwear,耳机,earphones,
Clothing,Headwear,耳罩,earmuffs,
Clothing,Headwear,耳朵穿过头饰,ears_through_headwear,
Clothing,Headwear,xx在头上,xx_on_head,
Clothing,Headwear,头上的叶子,leaf_on_head,
Clothing,Headwear,纂,topknot,
Clothing,Headwear,水银头,suigintou,
Clothing,Headwear,三角头饰,triangular_headpiece,
Clothing,Headwear,护额,forehead_protector,
Clothing,Headwear,天线,radio_antenna,
Clothing,Headwear,兽耳头罩,animal_hood,
Clothing,Headwear,箭头,arrow_(symbol),
Clothing,Headwear,斧头,axe,
Clothing,Headwear,秃头,bald,
Clothing,Headwear,头巾,bandana,
Clothing,Headwear,波波头,bob_cut,
Clothing,Headwear,骨头,bone,
Clothing,Headwear,锅盖头,bowl_cut,
Clothing,Headwear,头冠,circlet,
Clothing,Headwear,团子头,double_bun,
Clothing,Headwear,双头假阴茎,double_dildo,
Clothing,Headwear,钻头,drill,
Clothing,Headwear,水龙头,faucet,
Clothing,Headwear,扎头巾,hachimaki,
Clothing,Headwear,耳后有头发,hair_behind_ear,
Clothing,Headwear,头发上系着铃铛,hair_bell,
Clothing,Headwear,发髻,hair_bun,
Clothing,Headwear,披下来的头发,hair_down,
Clothing,Headwear,在摆动的头发,hair_flaps,
Clothing,Headwear,拨头发,hair_flip,
Clothing,Headwear,头发上别着花,hair_flower,
Clothing,Headwear,散开的头发,hair_spread_out,
Clothing,Headwear,盘起来的头发,hair_up,
Clothing,Headwear,戴着头盔的,helm,
Clothing,Headwear,摘下头盔,helmet_removed,
Clothing,Headwear,带角头盔,horned_helmet,
Clothing,Headwear,加帕里馒头,japari_bun,
Clothing,Headwear,方头巾,kerchief,
Clothing,Headwear,麻美断头梗,mami_mogu_mogu,
Clothing,Headwear,头巾式室内女帽,mob_cap,
Clothing,Headwear,只扎了一边的头发,one_side_up,
Clothing,Headwear,猫头鹰,owl,
Clothing,Headwear,突码头,pier,
Clothing,Headwear,枕头,pillow,
Clothing,Headwear,举起的拳头,raised_fist,
Clothing,Headwear,头骨和交叉的骨头,skull_and_crossbones,
Clothing,Headwear,石头,stone,
Clothing,Headwear,穆斯林头巾,turban,
Clothing,Headwear,双钻头发型,twin_drills,
Clothing,Headwear,头发往上蜷的发型,updo,
Clothing,Headwear,湿头发,wet_hair,
Clothing,Headwear,头部穿戴物,headdress,
Clothing,Headwear,整理头饰,adjusting_headwear,
Clothing,Headwear,熊印花头饰,bear_hair_ornament,
Clothing,Headwear,棕色头饰,brown_headwear,
Clothing,Headwear,角状头饰,horned_headwear,
Clothing,Headwear,为角留了洞的头饰,horns_through_headwear,
Clothing,Headwear,无头饰,no_headwear,
Clothing,Headwear,头上有的非头饰类物体,object_on_head,
Clothing,Headwear,印花头饰,print_headwear,
Clothing,Headwear,骨头状饰品,bone_hair_ornament,
Clothing,Headwear,兔子饰品,bunny_hair_ornament,
Clothing,Headwear,角上有饰物,horn_ornament,
Clothing,Headwear,头上有动物,animal_on_head,
Clothing,Headwear,从后脑戴上的耳机,behind-the-head_headphones,
Clothing,Headwear,头上的鸟,bird_on_head,
Clothing,Headwear,猫耳式耳机,cat_ear_headphones,
Clothing,Headwear,头上趴着猫,cat_on_head,
Clothing,Headwear,眼镜别在头上,eyewear_on_head,
Clothing,Headwear,额头,forehead,
Clothing,Headwear,额前有宝石,forehead_jewel,
Clothing,Headwear,亲吻额头,forehead_kiss,
Clothing,Headwear,额前有图案,forehead_mark,
Clothing,Headwear,额头贴额头,forehead-to-forehead,
Clothing,Headwear,头上别着护目镜,goggles_on_head,
Clothing,Headwear,头,head,
Clothing,Headwear,头上起包,head_bump,
Clothing,Headwear,低着头,head_down,
Clothing,Headwear,戴着头戴显示设备,head_mounted_display,
Clothing,Headwear,一部分头部没画进框里,head_out_of_frame,
Clothing,Headwear,枕着头,head_rest,
Clothing,Headwear,歪着头,head_tilt,
Clothing,Headwear,头上有翅膀,head_wings,
Clothing,Headwear,头部饰品(含科幻元素),headgear,
Clothing,Headwear,耳机,headphones,
Clothing,Headwear,状态条(游戏和科幻风格),heads-up_display,
Clothing,Headwear,头戴式耳机,headset,
Clothing,Headwear,EVA神经连接器,inter_headset,
Clothing,Headwear,在头上,on_head,
Clothing,Headwear,小人儿在头上,person_on_head,
Clothing,Headwear,单侧头上有翅膀,single_head_wing,
Clothing,Hat,帽子,hat,
Clothing,Hat,没有帽子,no_hat,
Clothing,Hat,大帽子,large_hat,
Clothing,Hat,迷你帽,mini_hat,
Clothing,Hat,魔女帽,witch_hat,
Clothing,Hat,迷你魔女帽,mini_witch_hat,
Clothing,Hat,巫师帽子,wizard_hat,
Clothing,Hat,派对帽,party_hat,
Clothing,Hat,小丑帽,jester_cap,
Clothing,Hat,大礼帽,tokin_hat,
Clothing,Hat,高顶礼帽,top_hat,
Clothing,Hat,迷你礼帽,mini_top_hat,
Clothing,Hat,圆顶礼帽,bowler_hat,
Clothing,Hat,药盒帽,pillbox_hat,
Clothing,Hat,钟形女帽,cloche_hat,
Clothing,Hat,侧边帽,side_cap,
Clothing,Hat,军帽,military_hat,
Clothing,Hat,贝雷帽,beret,
Clothing,Hat,驻军帽,garrison_cap,
Clothing,Hat,警察帽,police_hat,
Clothing,Hat,护士帽,nurse_cap,
Clothing,Hat,厨师帽,chef_hat,
Clothing,Hat,校帽,school_hat,
Clothing,Hat,海盗帽,pirate_hat,
Clothing,Hat,出租车司机帽,cabbie_hat,
Clothing,Hat,渔夫帽,bucket_hat,
Clothing,Hat,安全帽,hardhat,
Clothing,Hat,草帽,straw_hat,
Clothing,Hat,太阳帽,sun_hat,
Clothing,Hat,斗笠,rice_hat,
Clothing,Hat,动物帽,animal_hat,
Clothing,Hat,皮帽,fur_hat,
Clothing,Hat,带耳朵的帽子,hat_with_ears,
Clothing,Hat,泡泡帽,bobblehat,
Clothing,Hat,枕帽,pillow_hat,
Clothing,Hat,南瓜帽,pumpkin_hat,
Clothing,Hat,棒球帽,baseball_cap,
Clothing,Hat,鸭舌帽,flat_cap,
Clothing,Hat,撕裂的帽子,torn_hat,
Clothing,Hat,暴民帽,mob_cap,
Clothing,Hat,报童帽,newsboy_cap,
Clothing,Hat,白色贝雷帽上的蝴蝶结,bowknot_over_white_beret,
Clothing,Hat,反扣的帽子,backwards_hat,
Clothing,Hat,碗状帽子,bowl_hat,
Clothing,Hat,猫耳帽子,cat_hat,
Clothing,Hat,聊天框风格,chat_log,
Clothing,Hat,牛仔帽,cowboy_hat,
Clothing,Hat,狗盆帽,dixie_cup_hat,
Clothing,Hat,带有蝴蝶结的帽子,hat_bow,
Clothing,Hat,带有羽毛的帽子,hat_feather,
Clothing,Hat,带着花的帽子,hat_flower,
Clothing,Hat,带有饰物的帽子,hat_ornament,
Clothing,Hat,帽子遮住了一只眼,hat_over_one_eye,
Clothing,Hat,摘下帽子,hat_removed,
Clothing,Hat,带有缎带的帽子,hat_ribbon,
Clothing,Hat,捏着帽檐,hat_tip,
Clothing,Hat,线影法(纹理),hatching_(texture),
Clothing,Hat,cos成初音未来,hatsune_miku_(cosplay),
Clothing,Hat,so-nanoka(是这样啊的口癖),is_that_so,
Clothing,Hat,道士帽,porkpie_hat,
Clothing,Hat,水手帽,sailor_hat,
Clothing,Hat,圣诞帽,santa_hat,
Clothing,Hat,帽舌划到侧面,sideways_hat,
Clothing,Hat,作者犯病,what,
Clothing,Hat,另一条世界线,what_if,
Clothing,HairWear,发带,hair_ribbon,
Clothing,HairWear,发带,hairband,
Clothing,HairWear,发带,hair_tie,
Clothing,HairWear,洛丽塔发带,lolita_hairband,
Clothing,HairWear,褶边发带,frilled_hairband,
Clothing,HairWear,蕾丝边饰发带,lace-trimmed_hairband,
Clothing,HairWear,头绳,hair_bobbles,
Clothing,HairWear,发饰,hair_ornament,
Clothing,HairWear,发花,hair_flower,
Clothing,HairWear,x_发饰,x_hair_ornament,
Clothing,HairWear,蝴蝶结发饰,hair_bow,
Clothing,HairWear,青蛙发饰,frog_hair_ornament,
Clothing,HairWear,心形发饰,heart_hair_ornament,
Clothing,HairWear,蝴蝶发饰,butterfly_hair_ornament,
Clothing,HairWear,星星发饰,star_hair_ornament,
Clothing,HairWear,食物主题发饰,food-themed_hair_ornament,
Clothing,HairWear,锚形发饰,anchor_hair_ornament,
Clothing,HairWear,蝙蝠发饰,bat_hair_ornament,
Clothing,HairWear,胡萝卜发饰,carrot_hair_ornament,
Clothing,HairWear,猫系发饰,cat_hair_ornament,
Clothing,HairWear,三叶草发饰,clover_hair_ornament,
Clothing,HairWear,月牙发饰,crescent_hair_ornament,
Clothing,HairWear,十字发饰,cross_hair_ornament,
Clothing,HairWear,方向键发饰,d-pad_hair_ornament,
Clothing,HairWear,鱼形发饰,fish_hair_ornament,
Clothing,HairWear,像无线蓝牙的发饰,hairpods,
Clothing,HairWear,叶子发饰,leaf_hair_ornament,
Clothing,HairWear,音符发饰,musical_note_hair_ornament,
Clothing,HairWear,南瓜发饰,pumpkin_hair_ornament,
Clothing,HairWear,骷髅发饰,skull_hair_ornament,
Clothing,HairWear,蛇形发饰,snake_hair_ornament,
Clothing,HairWear,雪花发饰,snowflake_hair_ornament,
Clothing,HairWear,草莓发饰,strawberry_hair_ornament,
Clothing,HairWear,向日葵发饰,sunflower_hair_ornament,
Clothing,HairWear,发夹,hairpin,
Clothing,HairWear,发夹,hairclip,
Clothing,HairWear,发管,hair_tubes,
Clothing,HairWear,发棒,hair_stick,
Clothing,HairWear,发髻,hair_bun,
Clothing,HairWear,发髻(单),single_hair_bun,
Clothing,HairWear,发铃,hair_bell,
Clothing,HairWear,发圈,hair_rings,
Clothing,Accessory,戒指,ring,
Clothing,Accessory,婚戒,wedding_band,
Clothing,Accessory,耳环,earrings,
Clothing,Accessory,单耳环,single_earring,
Clothing,Accessory,耳钉,stud_earrings,
Clothing,Accessory,项链,necklace,
Clothing,Accessory,首饰,jewelry,
Clothing,Accessory,水晶,crystal,
Clothing,Accessory,胸针,brooch,
Clothing,Accessory,宝石,gem,
Clothing,Accessory,胸前宝石,chest_jewel,
Clothing,Accessory,额头宝石,forehead_jewel,
Clothing,Accessory,流苏,tassel,
Clothing,Accessory,肚链,belly_chain_,
Clothing,Accessory,花边,lace,
Clothing,Accessory,丝带,ribbon,
Clothing,Accessory,缝饰,stitches,
Clothing,Accessory,围巾,scarf,
Clothing,Accessory,创可贴,bandaid,
Clothing,Accessory,项圈,collar,
Clothing,Accessory,皮带,belt,
Clothing,Accessory,蒸汽,steam,
Clothing,Accessory,铃铛,bell,
Clothing,Accessory,护身符,amulet,
Clothing,Accessory,徽章,emblem,
Clothing,Accessory,旗印,flag_print,
Clothing,Accessory,锚符号,anchor_symbol,
Clothing,Accessory,十字,cross,
Clothing,Accessory,衍射十字星,diffraction_spikes,
Clothing,Accessory,铁十字架,iron_cross,
Clothing,Accessory,拉丁式十字架,latin_cross,
Clothing,Accessory,蕾丝边发带,lace-trimmed_hairband,
Clothing,Accessory,脚踝系带,ankle_lace-up,
Clothing,Accessory,圣葛罗莉安娜女学园校徽,st.glorianas(emblem),
Clothing,Accessory,舰娘锁(舰C),heart_lock_(kantai_collection),
Clothing,Accessory,袜带,garters,
Clothing,Accessory,大腿绑带,thigh_strap,
Clothing,Accessory,大腿缎带,thigh_ribbon,
Clothing,Accessory,腿环,leg_garter,
Clothing,Accessory,吊带袜的吊带,garter_straps,
Clothing,Accessory,腿锻带,leg_ribbon,
Clothing,Accessory,腿上的绷带,bandaid_on_leg,
Clothing,Accessory,包扎过的腿,bandaged_leg,
Clothing,Accessory,臂环,arm_garter,
Clothing,Accessory,关节,joints,
Clothing,Accessory,膝盖,kneepits,
Clothing,Accessory,护膝,knee_pads,
Clothing,Accessory,大腿皮套,thigh_holster,
Clothing,Accessory,膝盖上的创可贴,bandaid_on_knee,
Clothing,Accessory,手链,bracelet,
Clothing,Accessory,项圈,choker,
Clothing,Accessory,金属项圈,metal collar,
Clothing,Accessory,腕带,wristband,
Clothing,Accessory,吊坠,pendant,
Clothing,Accessory,胸针,brooch,
Clothing,Accessory,圈形耳环,hoop earrings,
Clothing,Accessory,手镯,bangle,
Clothing,Accessory,耳钉,stud earrings,
Clothing,Accessory,旭日形首饰,sunburst,
Clothing,Accessory,珍珠手链,pearl bracelet,
Clothing,Accessory,耳坠,drop earrings,
Clothing,Accessory,木偶戒指,puppet rings,
Clothing,Accessory,胸花,corsage,
Clothing,Accessory,蓝宝石胸针,sapphire brooch,
Clothing,Other,透明的,transparent,
Clothing,Other,烧焦的衣服,burnt_clothes,
Clothing,Other,溶解掉的衣服,dissolving_clothes,
Clothing,Other,弄脏的衣服,dirty_clothes,
Clothing,Other,富有表现力的衣服,expressive_clothes,
Clothing,Other,有不现实的包裹程度的衣服,impossible_clothes,
Clothing,Other,活体衣服,living_clothes,
Clothing,Other,内层穿着连衣裤,leotard_under_clothes,
Clothing,Other,多色款衣服,multicolored_clothes,
Clothing,Other,衣服上贴着符纸,ofuda_on_clothes,
Clothing,Other,拧干衣服,wringing_clothes,
Clothing,Other,晒衣服,clothesline,
Clothing,Other,有光泽的衣服,shiny_clothes,
Clothing,Other,狩衣,kariginu,
Clothing,Other,从正面打结的衣物,front-tie_top,
Clothing,Other,用夹克披肩,jacket_on_shoulders,
Clothing,Other,短裤腿连体衣,short_jumpsuit,
Clothing,Other,背带；挽具,harness,
Clothing,Other,舰装,rigging,
Clothing,Other,肩带,aiguillette,
Expressions,Smile,微笑,smile,
Expressions,Smile,大笑,laughing,
Expressions,Smile,开心,kind_smile,
Expressions,Smile,温柔的微笑,gentle smile,
Expressions,Smile,讽刺的假笑,sarcastic smirk,
Expressions,Smile,开心的大笑,joyous laugh,
Expressions,Smile,开心的笑,:d,
Expressions,Smile,眨眼笑,;d,
Expressions,Smile,露齿咧嘴笑,grin,
Expressions,Smile,被逗笑,teasing_smile,
Expressions,Smile,魅惑的微笑,seductive_smile,
Expressions,Smile,傻笑,smirk,
Expressions,Smile,咯咯傻笑,giggling,
Expressions,Smile,洋洋得意,smug,
Expressions,Smile,调皮的脸,naughty_face,
Expressions,Smile,邪恶笑,evil smile,
Expressions,Smile,疯狂的笑,crazy_smile,
Expressions,Smile,幸福快乐,happy,
Expressions,Smile,生日快乐,happy_birthday,
Expressions,Smile,万圣节快乐,happy_halloween,
Expressions,Smile,新年快乐,happy_new_year,
Expressions,Smile,开心的眼泪,happy_tears,
Expressions,Smile,情人节快乐,happy_valentine,
Expressions,Smile,哈哈大笑,hahaha,
Expressions,Smile,窃笑,chuckle,
Expressions,Smile,忍俊不禁,suppressed_laughter,
Expressions,Smile,开怀大笑,uproarious_laughter,
Expressions,Smile,哄堂大笑,roaring_laughter,
Expressions,Smile,抿嘴微笑,close_lipped_smile,
Expressions,Smile,腼腆的微笑,shy_smile,
Expressions,Smile,得意洋洋的笑,self-satisfied_smile,
Expressions,Smile,神秘的微笑,mysterious_smile,
Expressions,Smile,意味深长的微笑,knowing_smile,
Expressions,Smile,苦笑,bitter_smile,
Expressions,Smile,假笑,forced_smile,
Expressions,Smile,嘲笑,mockery_smile,
Expressions,Smile,冷笑,cold_smile,
Expressions,Smile,微笑带泪,smiling_with_tears,
Expressions,Cry,伤心,sad,
Expressions,Cry,啜泣,tear,
Expressions,Cry,大哭,crying,
Expressions,Cry,睁着眼睛哭,crying_with_eyes_open,
Expressions,Cry,流泪,streaming_tears,
Expressions,Cry,泪珠,teardrop,
Expressions,Cry,撕破衣服,tearing_clothes,
Expressions,Cry,要哭的表情,tearing_up,
Expressions,Cry,眼泪,tears,
Expressions,Cry,擦眼泪,wiping_tears,
Expressions,Cry,痛哭流涕,sobbing,
Expressions,Cry,无声哭泣,silent_crying,
Expressions,Cry,哭喊,wailing,
Expressions,Cry,抽泣,sniffling,
Expressions,Cry,哽咽,choking_up,
Expressions,Cry,泪流满面,tears_streaming_down_face,
Expressions,Cry,悲伤地哭泣,sad_crying,
Expressions,Cry,哭得稀里哗啦,bawling,
Expressions,Cry,低声哭泣,whispering_crying,
Expressions,Cry,悲伤的泪水,sad_tears,
Expressions,Cry,绝望地哭泣,desperate_crying,
Expressions,Sad,心情不好,badmood,
Expressions,Sad,沮丧,frustrated,
Expressions,Sad,沮丧的眉头,frustrated_brow,
Expressions,Sad,苦恼的,annoyed,
Expressions,Sad,苦闷,anguish,
Expressions,Sad,叹气,sigh,
Expressions,Sad,忧郁的,gloom,
Expressions,Sad,失望的,disappointed,
Expressions,Sad,绝望,despair,
Expressions,Sad,闷闷不乐,glum,
Expressions,Sad,愁眉苦脸,sullen,
Expressions,Sad,心烦意乱,restless,
Expressions,Sad,唉声叹气,groaning,
Expressions,Sad,愁容满面,worried_face,
Expressions,Sad,一脸不悦,unhappy_expression,
Expressions,Sad,眉头紧皱,knitted_brows,
Expressions,Sad,垂头丧气,dejected,
Expressions,Sad,心灰意冷,heartbroken,
Expressions,Sad,情绪低落,low_spirits,
Expressions,Sad,郁郁寡欢,melancholy,
Expressions,Disdain,厌恶,disgust,
Expressions,Disdain,轻蔑,disdain,
Expressions,Disdain,蔑视,contempt,
Expressions,Disdain,脸上有阴影配合蔑视,shaded_face,
Expressions,Disdain,鄙夷的眼神,jitome,
Expressions,Disdain,皱眉,frown,
Expressions,Disdain,皱眉蹙额,wince,
Expressions,Disdain,眉头紧锁,furrowed_brow,
Expressions,Disdain,侧目,fear_kubrick,
Expressions,Disdain,翻白眼,eye_roll,
Expressions,Disdain,嗤之以鼻,sneer,
Expressions,Disdain,不屑一顾,dismissive,
Expressions,Disdain,冷嘲热讽,sarcastic,
Expressions,Disdain,斜眼看,side_eye,
Expressions,Disdain,撇嘴,pout,
Expressions,Disdain,不屑地扬起眉毛,raised_eyebrow,
Expressions,Angry,生气的,angry,
Expressions,Angry,怒目而视,glaring,
Expressions,Angry,严肃的,serious,
Expressions,Angry,侧头瞪着你,kubrick_stare,
Expressions,Angry,邪恶的,evil,
Expressions,Angry,生闷气,sulking,
Expressions,Angry,尖叫,screaming,
Expressions,Angry,喊叫,shouting,
Expressions,Angry,紧锁眉头,frowning,
Expressions,Angry,怒火中烧,burning with anger,
Expressions,Angry,咬牙切齿,gnashing teeth,
Expressions,Angry,怒目圆睁,eyes wide with anger,
Expressions,Angry,脸涨得通红,face flushed with anger,
Expressions,Angry,嘴唇紧抿,lips pursed,
Expressions,Angry,面露凶相,menacing expression,
Expressions,OtherExp,面无表情,expressionless,
Expressions,OtherExp,惊讶的睁大眼睛,wide-eyed surprise,
Expressions,OtherExp,困乏的,sleepy,
Expressions,OtherExp,喝醉的,drunk,
Expressions,OtherExp,无聊的,bored,
Expressions,OtherExp,使困惑,confused,
Expressions,OtherExp,思考,thinking,
Expressions,OtherExp,孤独,lonely,
Expressions,OtherExp,轻微脸红,light_blush,
Expressions,OtherExp,脸红,blush,
Expressions,OtherExp,害羞的,shy,
Expressions,OtherExp,害羞的(尴尬的),embarrass,
Expressions,OtherExp,捂脸,facepalm,
Expressions,OtherExp,慌张的,flustered,
Expressions,OtherExp,流汗,sweat,
Expressions,OtherExp,害怕的,scared,
Expressions,OtherExp,阿黑颜,ahegao,
Expressions,OtherExp,忍耐的表情,endured_face,
Expressions,OtherExp,忍耐,restrained,
Expressions,OtherExp,黑化的,dark_persona,
Expressions,OtherExp,疯狂的,crazy,
Expressions,OtherExp,筋疲力尽的,exhausted,
Expressions,OtherExp,傲娇,Tsundere,
Expressions,OtherExp,病娇,yandere,
Expressions,OtherExp,多重人格,multiple_persona,
Expressions,OtherExp,多重人格,Jekyll_and_Hyde,
Expressions,OtherExp,抽搐,twitching,
Expressions,OtherExp,痉挛,spasm,
Expressions,OtherExp,颤抖,trembling,
Expressions,OtherExp,强奸脸,rape_face,
Expressions,OtherExp,翻白眼(高潮眼),rolling_eyes,
Expressions,OtherExp,嫉妒,envy,
Expressions,OtherExp,绝顶,female_orgasm,
Expressions,OtherExp,重呼吸,heavy_breathing,
Expressions,OtherExp,淘气,naughty,
Expressions,OtherExp,表情差分(大概),expressions,
Expressions,OtherExp,呻吟,moaning,
Expressions,OtherExp,嫌弃的眼神,scowl,
Poses,Basic,站立,standing,
Poses,Basic,躺,on back,
Poses,Basic,趴,on stomach,
Poses,Basic,跪,kneeling,
Poses,Basic,侧卧,on_side,
Poses,Basic,趴着,on_stomach,
Poses,Basic,趴着翘臀,top-down_bottom-up,
Poses,Basic,趴在地上并翘起脚,the_pose,
Poses,Basic,翘臀姿势,bent_over,
Poses,Basic,倒立,upside-down,
Poses,Basic,反转,reversal,
Poses,Basic,战斗姿态,fighting_stance,
Poses,Basic,靠在一边,leaning_to_the_side,
Poses,Basic,倚靠,leaning,
Poses,Basic,身体往后靠,leaning_back,
Poses,Basic,靠在物体上,leaning_on_object,
Poses,Basic,弓身体,arched_back,
Poses,Basic,身体前倾,leaning_forward,
Poses,Basic,浮在水上,afloat,
Poses,Basic,躺着的,lying,
Poses,Basic,胎儿姿势(躺),fetal_position,
Poses,Basic,躺在人身上,lying_on_person,
Poses,Basic,躺在湖面上,lying_on_the_lake,
Poses,Basic,躺在水中,lying_on_water,
Poses,Basic,仰躺,on_back,
Poses,Basic,俯卧后接,prone_bone,
Poses,Basic,斜倒斜躺姿势,reclining,
Poses,Basic,直立睡觉,sleeping_upright,
Poses,Basic,展示(后接部位),presenting,
Poses,Basic,旋转,spinning,
Poses,Basic,摆姿势,posing,
Poses,Basic,时尚姿势,stylish_pose,
Poses,Basic,公然猥亵,public_indecency,
Poses,Basic,模仿,parody,
Poses,Basic,在容器中,in_container,
Poses,Basic,挤压玻璃,against_glass,
Poses,Basic,瞄准,aiming,
Poses,Basic,瞄准了读者(的视角),aiming_at_viewer,
Poses,Basic,化妆,applying_makeup,
Poses,Basic,洗澡,bathing,
Poses,Basic,咬,biting,
Poses,Basic,出血,bleeding,
Poses,Basic,吹,blowing,
Poses,Basic,鞠躬,bowing,
Poses,Basic,喷火,breathing_fire,
Poses,Basic,骑扫帚,broom_riding,
Poses,Basic,刷牙,brushing_teeth,
Poses,Basic,吹泡泡,bubble_blowing,
Poses,Basic,欺负,bullying,
Poses,Basic,燃烧,burning,
Poses,Basic,投掷,cast,
Poses,Basic,追逐,chasing,
Poses,Basic,打扫,cleaning,
Poses,Basic,攀爬,climbing,
Poses,Basic,安慰,comforting,
Poses,Basic,烹饪,cooking,
Poses,Basic,哭,crying,
Poses,Basic,拥抱,cuddling,
Poses,Basic,跳舞,dancing,
Poses,Basic,潜水,diving,
Poses,Basic,拖某物,dragging,
Poses,Basic,绘画,drawing,
Poses,Basic,拉弓,drawing_bow,
Poses,Basic,做梦,dreaming,
Poses,Basic,喝,drinking,
Poses,Basic,驾驶,driving,
Poses,Basic,(意外)掉落,dropping,
Poses,Basic,弄干(浴后),drying,
Poses,Basic,双持,dual_wielding,
Poses,Basic,做运动,exercise,
Poses,Basic,战斗中的,fighting,
Poses,Basic,射击,firing,
Poses,Basic,钓鱼,fishing,
Poses,Basic,拍打动作,flapping,
Poses,Basic,露出,flashing,
Poses,Basic,在逃跑的,fleeing,
Poses,Basic,秀肌肉,flexing,
Poses,Basic,飞行,flying,
Poses,Basic,飞踢,flying_kick,
Poses,Basic,梳头,hair_brushing,
Poses,Basic,撩头发,hair_tucking,
Poses,Basic,吊起来的,hanging,
Poses,Basic,击打,hitting,
Poses,Basic,在想象的,imagining,
Poses,Basic,跳跃,jumping,
Poses,Basic,踢,kicking,
Poses,Basic,舔,licking,
Poses,Basic,舔嘴唇,licking_lips,
Poses,Basic,咬嘴唇,lip_biting,
Poses,Basic,冥想,meditation,
Poses,Basic,绘画,painting,
Poses,Basic,画画,Painting_(Action),
Poses,Basic,扑克牌,playing_card,
Poses,Basic,打游戏,playing_games,
Poses,Basic,演奏乐器,playing_instrument,
Poses,Basic,钢管舞,pole_dancing,
Poses,Basic,祈祷,praying,
Poses,Basic,挥拳,punching,
Poses,Basic,推搡,pushing,
Poses,Basic,用手扶着,railing,
Poses,Basic,阅读,reading,
Poses,Basic,骑,riding,
Poses,Basic,奔跑,running,
Poses,Basic,缝纫,sewing,
Poses,Basic,购物,shopping,
Poses,Basic,淋浴,showering,
Poses,Basic,唱歌,sing,
Poses,Basic,唱歌,singing,
Poses,Basic,砍,slashing,
Poses,Basic,睡觉,sleeping,
Poses,Basic,闻,smelling,
Poses,Basic,抽烟,smoking,
Poses,Basic,打喷嚏,sneezing,
Poses,Basic,下雪,snowing,
Poses,Basic,泡脚,soaking_feet,
Poses,Basic,足球运动,soccer,
Poses,Basic,从容器中倒出液体的动作,spilling,
Poses,Basic,从嘴里吐出液体的动作,spitting,
Poses,Basic,飞溅,splashing,
Poses,Basic,站在水上或液体上,standing_on_liquid,
Poses,Basic,单腿站立,standing_on_one_leg,
Poses,Basic,站立劈叉,standing_split,
Poses,Basic,指尖抵着指间,steepled_fingers,
Poses,Basic,绞首,strangling,
Poses,Basic,打扫,sweeping,
Poses,Basic,游泳,swimming,
Poses,Basic,摆动,swing,
Poses,Basic,摇尾巴,tail_wagging,
Poses,Basic,拍照,taking_picture,
Poses,Basic,有台词的,talking,
Poses,Basic,打电话,talking_on_phone,
Poses,Basic,戏弄,teasing,
Poses,Basic,思考,thinking,
Poses,Basic,挠痒痒,tickling,
Poses,Basic,上厕所,toilet_use,
Poses,Basic,投掷,tossing_,
Poses,Basic,被绊倒,tripping,
Poses,Basic,恶搞行为,trolling,
Poses,Basic,抽搐,twitching,
Poses,Basic,打结(动作),tying,
Poses,Basic,拔出鞘的,unsheathing,
Poses,Basic,解开的,untying,
Poses,Basic,拉开拉链(动作),unzipping,
Poses,Basic,涉水,wading,
Poses,Basic,醒来,waking_up,
Poses,Basic,走路,walking,
Poses,Basic,在液体上行走,walking_on_liquid,
Poses,Basic,洗涤,washing,
Poses,Basic,讲悄悄话,whispering,
Poses,Basic,摔角(运动),wrestling,
Poses,Basic,写作,writing,
Poses,Basic,打哈欠,yawning,
Poses,Basic,躲藏,hiding,
Poses,HandAct,手放在身后,arms_behind_back,
Poses,HandAct,手在头上,arm_above_head,
Poses,HandAct,手放头后,arm_behind_head,
Poses,HandAct,手交叉于胸前,arms_crossed,
Poses,HandAct,用手支撑住,arm_support,
Poses,HandAct,露腋,armpits,
Poses,HandAct,抬手,arms_up,
Poses,HandAct,双手叉腰,hands_on_hips,
Poses,HandAct,单手搂腰,arm_around_waist,
Poses,HandAct,某著名伸手扭腰动作,caramelldansen,
Poses,HandAct,双手反袖,hands_in_opposite_sleeves,
Poses,HandAct,挥手,waving,
Poses,HandAct,交叉双臂,crossed_arms,
Poses,HandAct,伸出双臂,outstretched_arms,
Poses,HandAct,双臂摆出V,v_arms,
Poses,HandAct,双臂摆出W,w_arms,
Poses,HandAct,敬礼,salute,
Poses,HandAct,(有目的地)伸手,reaching,
Poses,HandAct,朝画外伸手,reaching_out,
Poses,HandAct,伸懒腰,stretch,
Poses,HandAct,拥抱自己的腿,hugging_own_legs,
Poses,HandAct,手臂刀刃,arm_blade,
Poses,HandAct,抓住手臂,arm_grab,
Poses,HandAct,手臂往后拉,arm_held_back,
Poses,HandAct,手臂丝带,arm_ribbon,
Poses,HandAct,缠着绷带的手臂,bandaged_arm,
Poses,HandAct,手臂上贴着创可贴,bandaid_on_arm,
Poses,HandAct,手臂被束缚,bound_arms,
Poses,HandAct,遮住关键部位的手臂,convenient_arm,
Poses,HandAct,多只手臂,extra_arms,
Poses,HandAct,互挽手臂,locked_arms,
Poses,HandAct,伸出手臂,outstretched_arm,
Poses,HandAct,挥舞着手臂,waving_arms,
Poses,HandAct,单手垂放,arm_at_side,
Poses,HandAct,单手背到身后,arm_behind_back,
Poses,HandAct,单手托在脑后,shou,
Poses,HandAct,手炮,arm_cannon,
Poses,HandAct,挽手,arm_hug,
Poses,HandAct,举着手,arm_up,
Poses,HandAct,双手垂放,arms_at_sides,
Poses,HandAct,双手抱头,arms_behind_head,
Poses,HandAct,手放在嘴边,hand_to_mouth,
Poses,HandAct,嘘手势,shushing,
Poses,HandAct,猫爪手势,cat_pose,
Poses,HandAct,爪手势,claw_pose,
Poses,HandAct,招财猫手势(下弯手腕),paw_pose,
Poses,HandAct,狐狸手势,fox_shadow_puppet,
Poses,HandAct,类似双手捏兰花指,double_fox_shadow_puppet,
Poses,HandAct,手指枪手势,finger_gun,
Poses,HandAct,胜利手势,v,
Poses,HandAct,双_v,double_v,
Poses,HandAct,翘大拇指,thumbs_up,
Poses,HandAct,食指抬起,index_finger_raised,
Poses,HandAct,国际友好手势,middle_finger,
Poses,HandAct,做鬼脸,grimace,
Poses,HandAct,做鬼脸,eyelid_pull,
Poses,HandAct,用手指做出笑脸,fingersmile,
Poses,HandAct,擦眼泪,wiping_tears,
Poses,HandAct,准备扣扳机的手势,finger_on_trigger,
Poses,HandAct,指着自己,pointing_at_self,
Poses,HandAct,指向看图的人,pointing_at_viewer,
Poses,HandAct,向上指,pointing_up,
Poses,HandAct,戳,poking,
Poses,HandAct,做手势,hand_gesture,
Poses,HandAct,OK手势,ok_sign,
Poses,HandAct,遮阳手势,shading_eyes,
Poses,HandAct,咬手指,finger_biting,
Poses,HandAct,吮吸手指,finger_in_mouth,
Poses,HandAct,手指穿过衣服,fingering_through_clothes,
Poses,HandAct,手指并拢,fingers_together,
Poses,HandAct,手指卷着头发,hair_twirling,
Poses,HandAct,双手手指交叉,hands_clasped,
Poses,HandAct,握着头发,holding_hair,
Poses,HandAct,用手指着,pointing,
Poses,HandAct,锐利的手指甲,sharp_fingernails,
Poses,HandAct,袖子长过手指,sleeves_past_fingers,
Poses,HandAct,张开手指,spread_fingers,
Poses,HandAct,手指没放在扳机上,trigger_discipline,
Poses,HandAct,手指比W,w,
Poses,HandAct,(保持)平衡的姿势,balancing,
Poses,HandAct,展现魅力的姿势,curvy,
Poses,HandAct,多角度,multiple_views,
Poses,HandAct,姿势,pose,
Poses,HandAct,准备拔刀的姿势,ready_to_draw,
Poses,HandAct,一种女性展示臀部的姿势,trefoil,
Poses,HandAct,僵尸姿势,zombie_pose,
Poses,HandAct,挥手,beckoning,
Poses,HandAct,手持辫子,bunching_hair,
Poses,HandAct,抱起,carrying,
Poses,HandAct,肩扛,carrying_over_shoulder,
Poses,HandAct,夹在腋下,carrying_under_arm,
Poses,HandAct,助威,cheering,
Poses,HandAct,手抵在嘴唇边,finger_to_mouth,
Poses,HandAct,捏脸颊,cheek_pinching,
Poses,HandAct,戳脸颊,cheek_poking,
Poses,HandAct,摸下巴,chin_stroking,
Poses,HandAct,拉头发,hair_pull,
Poses,HandAct,遮盖嘴,covering_mouth,
Poses,HandAct,遮盖xx,covering_xx,
Poses,HandAct,自我抚摸,self_fondle,
Poses,HandAct,调整过膝袜,adjusting_thighhigh,
Poses,HandAct,托脸颊,chin_rest,
Poses,HandAct,托头,head_rest,
Poses,HandAct,拿着,take,
Poses,HandAct,抓床单,_sheet_grab,
Poses,HandAct,摸索,groping,
Poses,HandAct,掀裙子,skirt_lift,
Poses,HandAct,手抓裆部,crotch_grab,
Poses,HandAct,用手遮住胸部,covering_chest_by_hand,
Poses,HandAct,掀起的刘海,bangs_pinned_back,
Poses,HandAct,掀起衣物,clothes_lift,
Poses,HandAct,掀起裙子,dress_lift,
Poses,HandAct,掀起和服,kimono_lift,
Poses,HandAct,被对方掀起衣物,lifted_by_another,
Poses,HandAct,掀起自己的衣物,lifted_by_self,
Poses,HandAct,拉起掀起卷起衬衫,shirt_lift,
Poses,HandAct,指掀起裙子时形成的篮子形状,skirt_basket,
Poses,HandAct,被掀起裙子(含突发情况意义),skirt_flip,
Poses,HandAct,往上剥开的比基尼,bikini_lift,
Poses,HandAct,单腿抬高,leg_lift,
Poses,HandAct,将人抱起,lifting_person,
Poses,HandAct,往上掰衣物的吊带,strap_lift,
Poses,HandAct,上升气流,wind_lift,
Poses,HandAct,扯着比基尼,bikini_pull,
Poses,HandAct,扯脸颊,cheek_pull,
Poses,HandAct,拉开衣物,clothes_pull,
Poses,HandAct,剥下裙子胸口的部分,dress_pull,
Poses,HandAct,头发往后扎,hair_pulled_back,
Poses,HandAct,剥开和服,kimono_pull,
Poses,HandAct,剥开连衣裤,leotard_pull,
Poses,HandAct,拉着口罩,mask_pull,
Poses,HandAct,拉着裤子,pants_pull,
Poses,HandAct,被另一个人拉(或拉衣物),pulled_by_another,
Poses,HandAct,拉下自己的衣物,pulled_by_self,
Poses,HandAct,拉,pulling,
Poses,HandAct,拉开衬衫,shirt_pull,
Poses,HandAct,褪下短裤,shorts_pull,
Poses,HandAct,拉开裙子,skirt_pull,
Poses,HandAct,扯下泳衣,swimsuit_pull,
Poses,HandAct,拉链的拉片,zipper_pull_tab,
Poses,HandAct,拨弄衣服,adjusting_clothes,
Poses,HandAct,扶眼镜,adjusting_eyewear,
Poses,HandAct,拨弄手套,adjusting_gloves,
Poses,HandAct,理头发,adjusting_hair,
Poses,HandAct,整理帽子,adjusting_hat,
Poses,HandAct,拨弄泳衣,adjusting_swimsuit,
Poses,Holding,拿着某物,holding,
Poses,Holding,抱着动物,holding_animal,
Poses,Holding,拉着弓,holding_arrow,
Poses,Holding,握着斧头,holding_axe,
Poses,Holding,提着包,holding_bag,
Poses,Holding,抱着球,holding_ball,
Poses,Holding,提着篮子,holding_basket,
Poses,Holding,捧着书,holding_book,
Poses,Holding,拿着瓶子,holding_bottle,
Poses,Holding,手捧花束,holding_bouquet,
Poses,Holding,拿着弓(武器),holding_bow_(weapon),
Poses,Holding,端着碗,holding_bowl,
Poses,Holding,端着箱子,holding_box,
Poses,Holding,憋气,holding_breath,
Poses,Holding,手持扫帚,holding_broom,
Poses,Holding,手持摄像机,holding_camera,
Poses,Holding,拿着易拉罐,holding_can,
Poses,Holding,手持糖果,holding_candy,
Poses,Holding,手持卡片,holding_card,
Poses,Holding,抱着猫,holding_cat,
Poses,Holding,拿着筷子,holding_chopsticks,
Poses,Holding,手叼香烟,holding_cigarette,
Poses,Holding,拿着衣服,holding_clothes,
Poses,Holding,拿着避孕套,holding_condom,
Poses,Holding,手持杯子,holding_cup,
Poses,Holding,手持匕首,holding_dagger,
Poses,Holding,抱着玩偶,holding_doll,
Poses,Holding,拿着眼镜,holding_eyewear,
Poses,Holding,拿着扇子,holding_fan,
Poses,Holding,手持旗帜,holding_flag,
Poses,Holding,拿着花,holding_flower,
Poses,Holding,拿着食物,holding_food,
Poses,Holding,拿着餐叉,holding_fork,
Poses,Holding,拿着水果,holding_fruit,
Poses,Holding,拿着礼物,holding_gift,
Poses,Holding,拿着枪,holding_gun,
Poses,Holding,牵手,holding_hands,
Poses,Holding,拿着帽子,holding_hat,
Poses,Holding,手里捧着头,holding_head,
Poses,Holding,拿着头盔,holding_helmet,
Poses,Holding,拿着泳圈,holding_innertube,
Poses,Holding,拿着乐器,holding_instrument,
Poses,Holding,拿着刀,holding_knife,
Poses,Holding,拿着叶子,holding_leaf,
Poses,Holding,拿着棒棒糖,holding_lollipop,
Poses,Holding,拿着面具,holding_mask,
Poses,Holding,拿着麦克风,holding_microphone,
Poses,Holding,拿着缝衣针,holding_needle,
Poses,Holding,握着自己的脚,holding_own_foot,
Poses,Holding,手握画笔,holding_paintbrush,
Poses,Holding,拿着纸,holding_paper,
Poses,Holding,握笔,holding_pen,
Poses,Holding,手持铅笔,holding_pencil,
Poses,Holding,拿着手机,holding_phone,
Poses,Holding,抱着枕头,holding_pillow,
Poses,Holding,拿着烟斗,holding_pipe,
Poses,Holding,拿着披萨,holding_pizza,
Poses,Holding,端着碟子,holding_plate,
Poses,Holding,拿着精灵球,holding_poke_ball,
Poses,Holding,抱着宝可梦,holding_pokemon,
Poses,Holding,手持长柄武器,holding_polearm,
Poses,Holding,拎着包袱,holding_sack,
Poses,Holding,手持镰刀,holding_scythe,
Poses,Holding,握着刀鞘,holding_sheath,
Poses,Holding,手持盾牌,holding_shield,
Poses,Holding,拿着鞋子,holding_shoes,
Poses,Holding,手持招牌,holding_sign,
Poses,Holding,手持长矛,holding_spear,
Poses,Holding,拿着汤勺,holding_spoon,
Poses,Holding,手持法杖,holding_staff,
Poses,Holding,手拉着吊带,holding_strap,
Poses,Holding,抱着毛绒玩具,holding_stuffed_animal,
Poses,Holding,手持手写笔,holding_stylus,
Poses,Holding,手持剑,holding_sword,
Poses,Holding,手持注射器,holding_syringe,
Poses,Holding,拿着毛巾,holding_towel,
Poses,Holding,托着盘子,holding_tray,
Poses,Holding,撑伞,holding_umbrella,
Poses,Holding,握着棒子,holding_wand,
Poses,Holding,握着鞭子,holding_whip,
Poses,Holding,单手搂着脖子,arm_around_neck,
Poses,Holding,双手搂着脖子,arms_around_neck,
Poses,Holding,抓着屁股,ass_grab,
Poses,Holding,抓着贫胸,flat_chest_grab,
Poses,Holding,抓住,grabbing,
Poses,Holding,抓着对方屁股,grabbing_anothers_ass,
Poses,Holding,抓着对方的头发,grabbing_anothers_hair,
Poses,Holding,从背后揉胸,grabbing_from_behind,
Poses,Holding,抓着自己的屁股,grabbing_own_ass,
Poses,Holding,抓住XX引入,guided_penetration,
Poses,Holding,抓着头发,hair_grab,
Poses,Holding,抓着腿,leg_grab,
Poses,Holding,抓着领带,necktie_grab,
Poses,Holding,抓着颈部的衣服,neckwear_grab,
Poses,Holding,抓着XX,penis_grab,
Poses,Holding,抓着枕头,pillow_grab,
Poses,Holding,抓着床单,sheet_grab,
Poses,Holding,抓着尾巴,tail_grab,
Poses,Holding,抓着大腿,thigh_grab,
Poses,Holding,抓着躯干,torso_grab,
Poses,Holding,抓着手腕,wrist_grab,
Poses,Touching,遮盖的动作,covering,
Poses,Touching,挡住脸,covering_face,
Poses,Touching,遮着臀部,covering_ass,
Poses,Touching,遮着裆部,covering_crotch,
Poses,Touching,遮住眼睛,covering_eyes,
Poses,Touching,挡住嘴巴,covering_mouth,
Poses,Touching,挡住胸部,covering_nipples,
Poses,Touching,双手放在别人的脸上,hands_on_anothers_,
Poses,Touching,双手放在对方的脸颊上,hands_on_anothers_cheeks,
Poses,Touching,双手放在屁股上,hands_on_ass,
Poses,Touching,双手放在脚上,hands_on_feet,
Poses,Touching,双手碰到头上的饰物,hands_on_headwear,
Poses,Touching,双手搭在刀柄上,hands_on_hilt,
Poses,Touching,双手放在两腿之间,hands_on_lap,
Poses,Touching,双手放在自己的脸上,hands_on_own_face,
Poses,Touching,双手放在自己的脸颊上,hands_on_own_cheeks,
Poses,Touching,双手放在自己的胸口,hands_on_own_chest,
Poses,Touching,双手放在自己的头上,hands_on_own_head,
Poses,Touching,双手放在自己的膝盖上,hands_on_own_knees,
Poses,Touching,双手放在自己的肚子上,hands_on_own_stomach,
Poses,Touching,双手放在自己的大腿上,hands_on_own_thighs,
Poses,Touching,双手放在别人的肩膀上,hands_on_anothers_shoulders,
Poses,Touching,双手叉腰,hands_on_hips,
Poses,Touching,手接触到对方的脸,hand_on_anothers_,
Poses,Touching,手摸着对方的脸颊,hand_on_anothers_cheek,
Poses,Touching,手放在对方的胸前,hand_on_anothers_chest,
Poses,Touching,手托着对方的下巴,hand_on_anothers_chin,
Poses,Touching,手放在对方的头上,hand_on_anothers_head,
Poses,Touching,手放在对方的肩上,hand_on_anothers_shoulder,
Poses,Touching,手放在对方的肚子上,hand_on_anothers_stomach,
Poses,Touching,手放在屁股上,hand_on_ass,
Poses,Touching,手放在头上,hand_on_head,
Poses,Touching,手触碰帽子,hand_on_headwear,
Poses,Touching,手搁在刀柄上,hand_on_hilt,
Poses,Touching,手叉着腰,hand_on_hip,
Poses,Touching,把手放在自己脸上,hand_on_own_,
Poses,Touching,把手放在自己的脸颊上,hand_on_own_cheek,
Poses,Touching,把手放在自己的胸口,hand_on_own_chest,
Poses,Touching,手碰着自己的下巴,hand_on_own_chin,
Poses,Touching,把手放在自己的肚子上,hand_on_own_stomach,
Poses,Touching,手放在肩上,hand_on_shoulder,
Poses,Touching,手放在对方的头发上,hand_in_anothers_hair,
Poses,Touching,手埋在头发里,hand_in_hair,
Poses,Touching,手插在口袋里,hand_in_pocket,
Poses,LegAct,抬一只腿,legs_up,
Poses,LegAct,张腿,spread legs,
Poses,LegAct,两腿并拢,legs_together,
Poses,LegAct,二郎腿,crossed_legs,
Poses,LegAct,M字摆腿,m_legs,
Poses,LegAct,M字摆腿,standing_split,_leg_up
Poses,LegAct,屈膝礼(女仆行礼),curtsy,
Poses,LegAct,双腿之间的手,hand_between_legs,
Poses,LegAct,稍息,open_stance,
Poses,LegAct,挡住关键部位的腿,convenient_leg,
Poses,LegAct,用双腿夹住,leg_lock,
Poses,LegAct,双腿,legs,
Poses,LegAct,双腿抬过头,legs_over_head,
Poses,LegAct,蹲下分开双腿,squatting,open_legs
Poses,LegAct,膝盖合并两脚分开,knees_together_feet_apart,
Poses,LegAct,膝盖上有动物,animal_on_lap,
Poses,LegAct,手放在自己的膝盖上,hand_on_own_knee,
Poses,LegAct,顶起膝盖,knee_up,
Poses,LegAct,膝盖,knees,
Poses,LegAct,膝盖顶到胸部,knees_to_chest,
Poses,LegAct,在膝盖上,on_lap,
Poses,LegAct,坐,sitting,
Poses,LegAct,鸭子坐,wariza,
Poses,LegAct,跨坐,straddling,
Poses,LegAct,侧身坐,yokozuwari,
Poses,LegAct,向后坐,sitting_backwards,
Poses,LegAct,坐在树上,sitting_in_tree,
Poses,LegAct,坐在物体上,sitting_on_xx,
Poses,LegAct,蝴蝶坐,butterfly_sitting,
Poses,LegAct,坐在桌子上,lotus_position,
Poses,LegAct,坐在栏杆上,sitting_on_railing,
Poses,LegAct,坐在石头上,sitting_on_rock,
Poses,LegAct,坐在楼梯上,sitting_on_stairs,
Poses,LegAct,坐在桌子上,sitting_on_table,
Poses,LegAct,坐在水上,sitting_on_water,
Poses,LegAct,坐垫,cushion,
Poses,LegAct,盘腿坐,indian_style,
Poses,LegAct,坐在椅子上,sitting_on_chair,
Poses,LegAct,侧坐在鞍上,sidesaddle,
Poses,LegAct,坐在床上,sitting_on_bed,
Poses,LegAct,坐在课桌上,sitting_on_desk,
Poses,LegAct,坐在大腿上,sitting_on_lap,
Poses,LegAct,坐在人身上,sitting_on_person,
Poses,LegAct,对坐体位,upright_straddle,
Poses,LegAct,蹲下,squatting,
Poses,LegAct,一只膝盖,one_knee,
Poses,LegAct,下跪,kneeling,
Poses,LegAct,四肢着地,all_fours,
Poses,LegAct,凹版姿势,gravure_pose,
Poses,LegAct,踢,kicking,
Poses,LegAct,高踢,high_kick,
Poses,LegAct,泡脚,soaking_feet,
Poses,LegAct,斜倚,reclining,
Poses,LegAct,抱自己的双腿,hugging_own_legs,
Poses,LegAct,裸腿,bare_legs,
Poses,LegAct,(强调)两腿之间,between_legs,
Poses,LegAct,只画了一部分腿,cropped_legs,
Poses,LegAct,KDA组合(英雄联盟),k/da(league_of_legends),
Poses,LegAct,腿部系着带子,leg_belt,
Poses,LegAct,腿毛,leg_hair,
Poses,LegAct,抬起腿,leg_up,
Poses,LegAct,两腿分开,legs_apart,
Poses,LegAct,M字摆腿,lowleg,
Poses,LegAct,机械义足,mechanical_legs,
Poses,LegAct,多足角色,multiple_legs,
Poses,LegAct,没画出腿,no_legs,
Poses,LegAct,裆胯以下裸着,no_legwear,
Poses,LegAct,尾巴蜷到两腿之间,tail_between_legs,
Poses,LegAct,裸足,barefoot,
Poses,LegAct,单脚不在图内,foot_out_of_frame,
Poses,LegAct,脚印,footprints,
Poses,LegAct,脚的画法错误,dirty_feet,
Poses,LegAct,脚,feet,
Poses,LegAct,双脚不在图内,feet_out_of_frame,
Poses,LegAct,翘起脚,feet_up,
Poses,LegAct,脚部作画错误,wrong_feet,
Poses,LegAct,骆驼趾,cameltoe,
Poses,LegAct,萌向的内八腿,pigeon-toed,
Poses,LegAct,踮起脚尖,tiptoes,
Poses,LegAct,趾尖,toe-point,
Poses,LegAct,肢体残缺,amputee,
Poses,LegAct,脚踝丝环,ankle_strap,
Poses,LegAct,脚踝套,ankle_wrap,
Poses,LegAct,交叉脚踝,crossed_ankles,
Poses,LegAct,夹鼻眼镜,pince-nez,
Poses,LegAct,抬腿露X,folded,
Poses,LegAct,肉腿,thick_thighs,
Poses,LegAct,腿上系着东西,thigh_holster,
Poses,OtherAct,胸部互碰,asymmetrical_docking,
Poses,OtherAct,背对背,back-to-back,
Poses,OtherAct,舔X,cunnilingus,
Poses,OtherAct,眼对眼,eye_contact,
Poses,OtherAct,面对另一个,facing_another,
Poses,OtherAct,喂食,feeding,
Poses,OtherAct,手指伸进别人嘴里,finger_in_anothers_mouth,
Poses,OtherAct,指法,fingering,
Poses,OtherAct,法国之吻,french_kiss,
Poses,OtherAct,递,giving,
Poses,OtherAct,臀推,grinding,
Poses,OtherAct,猥亵,groping,
Poses,OtherAct,牵手,holding_hands,
Poses,OtherAct,拥抱,hug,
Poses,OtherAct,即将接吻,imminent_kiss,
Poses,OtherAct,递食物,incoming_food,
Poses,OtherAct,递礼物,incoming_gift,
Poses,OtherAct,紧扣的双手,interlocked_fingers,
Poses,OtherAct,壁咚,Kabedon,
Poses,OtherAct,膝枕,lap_pillow,
Poses,OtherAct,舔XX,licking_penis,
Poses,OtherAct,长舌头,long_tongue,
Poses,OtherAct,掏耳勺,mimikaki,
Poses,OtherAct,伸出舌头,oral_invitation,
Poses,OtherAct,公主抱,princess_carry,
Poses,OtherAct,共浴,shared_bathing,
Poses,OtherAct,共享食物,shared_food,
Poses,OtherAct,坐在头上,sitting_on_head,
Poses,OtherAct,坐在肩膀上,sitting_on_shoulder,
Poses,OtherAct,掌掴,slapping,
Poses,OtherAct,打屁股,spanking,
Poses,OtherAct,雪中打伞的恋人梗,special_feeling_(meme),
Poses,OtherAct,胸挤胸,symmetrical_docking,
Poses,OtherAct,舌头,tongue,
Poses,OtherAct,吐舌头,tongue_out,
Poses,OtherAct,小舌头,uvula,
Poses,OtherAct,咬耳朵,ear_biting,
Poses,OtherAct,混浴,mixed_bathing,
Image,Quality,格子的,checkered,
Image,Quality,低分辨率的,lowres,
Image,Quality,高分辨率的,highres,
Image,Quality,超高分辨率的,absurdres,
Image,Quality,极高分辨率的,incredibly absurdres,
Image,Quality,超级高分辨率,huge filesize,
Image,Quality,壁纸,wallpaper,
Image,Quality,点阵图,pixel art,
Image,Quality,单色图片,monochrome,
Image,Quality,色彩斑斓的,colorful,
Image,Quality,模糊的,blurry,
Image,Quality,清晰的,clear,
Image,Quality,锐利的,sharp,
Image,Quality,细腻的,detailed,
Image,Quality,粗糙的,rough,
Image,Quality,颗粒感的,grainy,
Image,Quality,平滑的,smooth,
Image,Quality,失真的,distorted,
Image,Quality,压缩过的,compressed,
Image,Quality,高清的,high definition (HD),
Image,Quality,超高清的,ultra high definition (UHD),
Image,Quality,标清的,standard definition (SD),
Image,Quality,4K的,4K,
Image,Quality,8K的,8K,
Image,Quality,HDR的,HDR,
Image,Quality,暗淡的,dark,
Image,Quality,明亮的,bright,
Image,Quality,对比度高的,high contrast,
Image,Quality,对比度低的,low contrast,
Image,Quality,饱和度高的,high saturation,
Image,Quality,饱和度低的,low saturation,
Image,Quality,色彩丰富的,rich color,
Image,Quality,色彩单调的,monochromatic,
Image,Quality,噪点多的,noisy,
Image,Quality,噪点少的,low noise,
Image,Quality,过曝的,overexposed,
Image,Quality,曝光不足的,underexposed,
Image,Quality,色彩鲜艳的,vivid,
Image,Quality,色彩柔和的,soft,
Image,Quality,自然真实的,natural,
Image,Quality,人工渲染的,artificial,
Image,Quality,电影质感的,cinematic,
Image,Quality,卡通渲染的,cartoonish,
Image,ArtStyle,原画,artbook,
Image,ArtStyle,游戏CG,game cg,
Image,ArtStyle,漫画,comic,
Image,ArtStyle,四格漫画,4koma,
Image,ArtStyle,GIF格式图片,animated gif,
Image,ArtStyle,抱枕,dakimakura,
Image,ArtStyle,角色扮演,cosplay,
Image,ArtStyle,穿越,crossover,
Image,ArtStyle,黑暗,dark,
Image,ArtStyle,明亮,light,
Image,ArtStyle,猎奇,guro,
Image,ArtStyle,写实,realistic,
Image,ArtStyle,照片,photo,
Image,ArtStyle,真实,real,
Image,ArtStyle,拍立得,polaroid,
Image,ArtStyle,风景,landscape,
Image,ArtStyle,城市风景,cityscape,
Image,ArtStyle,科幻,science fiction,
Image,ArtStyle,原创,original,
Image,ArtStyle,拙劣的模仿,parody,
Image,ArtStyle,拟人,personification,
Image,ArtStyle,视觉错误,optical illusion,
Image,ArtStyle,名画模仿,fine art parody,
Image,ArtStyle,素描,sketch,
Image,ArtStyle,手绘,traditional media,
Image,ArtStyle,透明水彩,watercolor (medium),
Image,ArtStyle,剪影,silhouette,
Image,ArtStyle,封面,cover,
Image,ArtStyle,专辑,album,
Image,ArtStyle,图上有字样,sample,
Image,ArtStyle,背影像,back,
Image,ArtStyle,半身像,bust,
Image,ArtStyle,侧面图,profile,
Image,ArtStyle,表情图,expressions,
Image,ArtStyle,主要人物集齐,everyone,
Image,ArtStyle,列图组成大图,column lineup,
Image,ArtStyle,透明背景,transparent background,
Image,ArtStyle,简单背景,simple background,
Image,ArtStyle,渐变背景,gradient background,
Image,ArtStyle,放大背景,zoom layer,
Image,ArtStyle,8bit游戏,8 Bit Game,
Image,ArtStyle,80年代动画,1980s anime,
Image,ArtStyle,迪士尼电影,disney movie,
Image,ArtStyle,哥特,goth,
Image,ArtStyle,80年代电影,80s movie,
Image,ArtStyle,泡泡龙,bubble bobble,
Image,ArtStyle,皮克斯风格,style of Pixar,
Image,ArtStyle,宝丽来艺术,Polaroid art,
Image,ArtStyle,万花筒摄影,Kaleidoscope Photography,
Image,ArtStyle,欧泊渲染,opal render,
Image,ArtStyle,色谱图,chemigram,
Image,ArtStyle,吉卜力风格,Studio Ghibli,
Image,ArtStyle,梦幻,dreamlike,
Image,ArtStyle,签绘风格,(faux traditional media),
Image,ArtStyle,原神,genshin impact,
Image,ArtStyle,碧蓝航线,azur lane,
Image,ArtStyle,舰队收藏,kantai collection,
Image,ArtStyle,赛博朋克边缘行者,rebecca (cyberpunk),
Image,ArtStyle,电锯人,chainsaw man,
Image,ArtStyle,魔法旋涡,Magic Vortex,
Image,ArtStyle,柴油朋克,((dieselpunk)),
Image,ArtStyle,杂志扫描,magazine scan,
Image,ArtStyle,专辑封面,album cover,
Image,ArtStyle,粗线条,(lineart),
Image,ArtStyle,蒸汽波,synthwave,
Image,ArtStyle,洛可可,(lococo),
Image,Medium,3D打印,3d Printing art of,
Image,Medium,亚克力涂料,Acrylic Paint art of,
Image,Medium,喷枪,Airbrush art of,
Image,Medium,算法艺术,Algorithmic art of,
Image,Medium,动画,Animation art of,
Image,Medium,艺术玻璃,Art Glass art of,
Image,Medium,拼贴艺术,Assemblage art of,
Image,Medium,增强现实艺术,Augmented Reality art of,
Image,Medium,蜡染,Batik art of,
Image,Medium,珠子工艺,Beadwork art of,
Image,Medium,身体绘画,Body Painting art of,
Image,Medium,装订,Bookbinding art of,
Image,Medium,青铜,Bronze art of,
Image,Medium,书法,Calligraphy art of,
Image,Medium,铸造纸,Cast Paper art of,
Image,Medium,陶瓷,Ceramics art of,
Image,Medium,粉笔,Chalk art of,
Image,Medium,炭笔,Charcoal art of,
Image,Medium,黏土,Clay art of,
Image,Medium,拼贴,Collage art of,
Image,Medium,凹版印刷,Collagraphy art of,
Image,Medium,彩色铅笔,Colored Pencil art of,
Image,Medium,计算机生成图像 (cgi),Computer-generated Imagery (cgi) art of,
Image,Medium,观念艺术,Conceptual art of,
Image,Medium,铜蚀刻,Copper Etching art of,
Image,Medium,钩针编织,Crochet art of,
Image,Medium,剪纸,Decoupage art of,
Image,Medium,数字马赛克,Digital Mosaic art of,
Image,Medium,数字绘画,Digital Painting art of,
Image,Medium,数字雕塑,Digital Sculpture art of,
Image,Medium,立体模型,Diorama art of,
Image,Medium,刺绣,Embroidery art of,
Image,Medium,搪瓷,Enamel art of,
Image,Medium,热蜡画,Encaustic Painting art of,
Image,Medium,环境艺术,Environmental art of,
Image,Medium,蚀刻,Etching art of,
Image,Medium,织物,Fabric art of,
Image,Medium,毡制,Felting art of,
Image,Medium,纤维,Fiber art of,
Image,Medium,泡沫雕刻,Foam Carving art of,
Image,Medium,发现物品,Found Objects art of,
Image,Medium,湿壁画,Fresco art of,
Image,Medium,玻璃,Glass art of,
Image,Medium,故障艺术,Glitch art of,
Image,Medium,金箔,Gold Leaf art of,
Image,Medium,水粉画,Gouache art of,
Image,Medium,涂鸦,Graffiti art of,
Image,Medium,石墨铅笔,Graphite Pencil art of,
Image,Medium,冰,Ice art of,
Image,Medium,水墨画,Ink Wash Painting art of,
Image,Medium,装置艺术,Installation art of,
Image,Medium,凹版印刷,Intaglio Printing art of,
Image,Medium,互动媒体,Interactive Media art of,
Image,Medium,动感艺术,Kinetic art of,
Image,Medium,编织,Knitting art of,
Image,Medium,土地艺术,Land art of,
Image,Medium,皮革,Leather art of,
Image,Medium,透视印刷,Lenticular Printing art of,
Image,Medium,光投影,Light Projection art of,
Image,Medium,石版画,Lithography art of,
Image,Medium,结艺,Macrame art of,
Image,Medium,大理石,Marble art of,
Image,Medium,金属,Metal art of,
Image,Medium,金属点,Metalpoint art of,
Image,Medium,微型画,Miniature Painting art of,
Image,Medium,混合媒介,Mixed Media art of,
Image,Medium,单版印刷,Monotype Printing art of,
Image,Medium,马赛克瓷砖艺术,Mosaic Tile art of,
Image,Medium,马赛克,Mosaic art of,
Image,Medium,霓虹,Neon art of,
Image,Medium,油画,Oil Paint art of,
Image,Medium,折纸,Origami art of,
Image,Medium,造纸,Papermaking art of,
Image,Medium,纸浆工艺,Papier-mâché art of,
Image,Medium,粉彩,Pastel art of,
Image,Medium,钢笔与墨水,Pen And Ink art of,
Image,Medium,表演艺术,Performance art of,
Image,Medium,摄影,Photography art of,
Image,Medium,照片拼贴,Photomontage art of,
Image,Medium,石膏,Plaster art of,
Image,Medium,塑料艺术,Plastics art of,
Image,Medium,聚合物粘土,Polymer Clay art of,
Image,Medium,版画,Printmaking art of,
Image,Medium,木偶戏,Puppetry art of,
Image,Medium,烧灼艺术,Pyrography art of,
Image,Medium,卷边,Quilling art of,
Image,Medium,拼布艺术,Quilt art of,
Image,Medium,回收艺术,Recycled art of,
Image,Medium,浮雕印刷,Relief Printing art of,
Image,Medium,树脂,Resin art of,
Image,Medium,反向玻璃画,Reverse Glass Painting art of,
Image,Medium,沙,Sand art of,
Image,Medium,刮画艺术,Scratchboard art of,
Image,Medium,丝网印刷,Screen Printing art of,
Image,Medium,雕刻艺术,Scrimshaw art of,
Image,Medium,雕塑焊接,Sculpture Welding art of,
Image,Medium,亮片艺术,Sequin art of,
Image,Medium,丝绸绘画,Silk Painting art of,
Image,Medium,银点,Silverpoint art of,
Image,Medium,声音艺术,Sound art of,
Image,Medium,喷漆,Spray Paint art of,
Image,Medium,彩绘玻璃,Stained Glass art of,
Image,Medium,模板,Stencil art of,
Image,Medium,石头,Stone art of,
Image,Medium,挂毯,Tapestry art of,
Image,Medium,纹身艺术,Tattoo art of,
Image,Medium,蛋彩画,Tempera art of,
Image,Medium,陶土,Terra-cotta art of,
Image,Medium,纺织艺术,Textile art of,
Image,Medium,视频艺术,Video art of,
Image,Medium,虚拟现实艺术,Virtual Reality art of,
Image,Medium,水彩,Watercolor art of,
Image,Medium,蜡,Wax art of,
Image,Medium,编织,Weaving art of,
Image,Medium,铁丝雕塑,Wire Sculpture art of,
Image,Medium,木材,Wood art of,
Image,Medium,木刻,Woodcut art of,
Image,School,抽象表现主义,Abstract Expressionism art,
Image,School,抽象幻觉主义,Abstract Illusionism art,
Image,School,学院艺术,Academic art,
Image,School,迷幻艺术,Acid art,
Image,School,行为绘画,Action Painting art,
Image,School,分析立体主义,Analytic Cubism art,
Image,School,挪用艺术,Appropriation art,
Image,School,阿拉伯式花纹,Arabesque art,
Image,School,艺术装饰,Art Deco art,
Image,School,非定形艺术,Art Informel art,
Image,School,新艺术运动,Art Nouveau art,
Image,School,艺术摄影,Art Photography art,
Image,School,艺术与语言,Art and Language art,
Image,School,贫穷艺术,Arte Povera art,
Image,School,垃圾箱画派,Ashcan School art,
Image,School,自动主义,Automatism art,
Image,School,巴洛克,Baroque art,
Image,School,包豪斯,Bauhaus art,
Image,School,生物艺术,Bio art,
Image,School,野兽派,Brutalism art,
Image,School,拜占庭式,Byzantine art,
Image,School,书法涂鸦,Calligraffiti art,
Image,School,明暗对比法,Chiaroscuro art,
Image,School,古典主义,Classicism art,
Image,School,分隔主义,Cloisonnism art,
Image,School,色域绘画,Color Field art,
Image,School,电脑艺术,Computer art,
Image,School,概念艺术,Conceptual art,
Image,School,构成主义,Constructivism art,
Image,School,当代艺术,Contemporary art,
Image,School,立体主义,Cubism art,
Image,School,达达主义,Dadaism art,
Image,School,数据主义,Dataism art,
Image,School,风格派,De Stijl art,
Image,School,数字艺术,Digital art,
Image,School,分裂主义,Divisionism art,
Image,School,环境艺术,Environmental art,
Image,School,表现主义,Expressionism art,
Image,School,野兽派,Fauvism art,
Image,School,女权主义艺术,Feminist art,
Image,School,民间艺术,Folk art,
Image,School,未来主义,Futurism art,
Image,School,生成艺术,Generative art,
Image,School,故障艺术,Glitch art,
Image,School,工笔画,Gongbi art,
Image,School,哥特式,Gothic art,
Image,School,涂鸦艺术,Graffiti art,
Image,School,具体派,Gutai Group art,
Image,School,触觉艺术,Haptic art,
Image,School,硬边绘画,Hard-edge Painting art,
Image,School,超现实主义,Hyperrealism art,
Image,School,印象派,Impressionism art,
Image,School,装置艺术,Installation art,
Image,School,亲密主义,Intimism art,
Image,School,意大利未来主义,Italian Futurism art,
Image,School,日本主义,Japonism art,
Image,School,动态艺术,Kinetic art,
Image,School,刻奇,Kitsch art,
Image,School,大地艺术,Land art,
Image,School,字母主义,Lettrism art,
Image,School,文人画,Literati Painting art,
Image,School,低俗艺术,Lowbrow art,
Image,School,光亮主义,Luminism art,
Image,School,抒情抽象,Lyrical Abstraction art,
Image,School,魔幻现实主义,Magic Realism art,
Image,School,邮件艺术,Mail art,
Image,School,风格主义,Mannerism art,
Image,School,中世纪,Medieval art,
Image,School,形而上学绘画,Metaphysical Painting art,
Image,School,民艺(日本民间艺术),Mingei (Japanese Folk Art) art,
Image,School,极简主义,Minimalism art,
Image,School,现代艺术,Modern art,
Image,School,物派,Mono-ha art,
Image,School,单色主义,Monochromism art,
Image,School,壁画主义,Muralism art,
Image,School,叙事艺术,Narrative art,
Image,School,素朴派,Naïve art,
Image,School,新达达主义,Neo-Dada art,
Image,School,新野兽派,Neo-Fauvism art,
Image,School,新具象艺术,Neo-Figurative art,
Image,School,新造型主义,Neo-Plasticism art,
Image,School,新浪漫主义,Neo-Romanticism art,
Image,School,新表现主义,Neo-expressionism art,
Image,School,新古典主义,Neoclassicism art,
Image,School,新莱比锡画派,New Leipzig School art,
Image,School,新媒体艺术,New Media art,
Image,School,新客观主义,New Objectivity art,
Image,School,日本画(日本传统绘画),Nihonga (Japanese traditional painting) art,
Image,School,欧普艺术,Op art,
Image,School,奥费主义,Orphism art,
Image,School,超黑,Outrenoir art,
Image,School,局外人艺术,Outsider art,
Image,School,行为艺术,Performance art,
Image,School,照相写实主义,Photorealism art,
Image,School,像素艺术,Pixel art,
Image,School,点彩派,Pointillism art,
Image,School,波普艺术,Pop art,
Image,School,后印象派,Post-Impressionism art,
Image,School,后绘画抽象,Post-Painterly Abstraction art,
Image,School,前拉斐尔派,Pre-Raphaelite Brotherhood art,
Image,School,精确主义,Precisionism art,
Image,School,原始艺术,Primitive art,
Image,School,迷幻艺术,Psychedelic art,
Image,School,纯粹主义,Purism art,
Image,School,现实主义,Realism art,
Image,School,地方主义,Regionalism art,
Image,School,文艺复兴,Renaissance art,
Image,School,洛可可,Rococo art,
Image,School,浪漫主义,Romanticism art,
Image,School,俄罗斯未来主义,Russian Futurism art,
Image,School,情境主义,Situationism art,
Image,School,社会现实主义,Social Realism art,
Image,School,社会主义现实主义,Socialist Realism art,
Image,School,声音艺术,Sound art,
Image,School,空间主义,Spatialism art,
Image,School,光谱主义,Spectralism art,
Image,School,街头艺术,Street art,
Image,School,呆滞主义,Stuckism art,
Image,School,超扁平,Superflat art,
Image,School,至上主义,Suprematism art,
Image,School,超现实主义,Surrealism art,
Image,School,象征主义,Symbolism art,
Image,School,同步主义,Synchromism art,
Image,School,综合立体主义,Synthetic Cubism art,
Image,Artist,穆夏风格,((alphonse mucha style)),
Image,Artist,莫奈风格,((Monet style)),
Image,Artist,梵高风格,((Van Gogh style)),
Image,Artist,毕加索风格,((Picasso style)),
Image,Artist,达利风格,((Dalí style)),
Image,Artist,雷诺阿风格,((Renoir style)),
Image,Artist,塞尚风格,((Cézanne style)),
Image,Artist,马蒂斯风格,((Matisse style)),
Image,Artist,克里姆特风格,((Klimt style)),
Image,Artist,波洛克风格,((Pollock style)),
Image,Artist,蒙克风格,((Munch style)),
Image,Artist,米开朗基罗风格,((Michelangelo style)),
Image,Artist,拉斐尔风格,((Raphael style)),
Image,Artist,列奥纳多·达芬奇风格,((Leonardo da Vinci style)),
Image,Artist,伦勃朗风格,((Rembrandt style)),
Image,Artist,卡拉瓦乔风格,((Caravaggio style)),
Image,Artist,德加风格,((Degas style)),
Image,Artist,高更风格,((Gauguin style)),
Image,Artist,罗斯科风格,((Rothko style)),
Image,Artist,毕沙罗风格,((Pissarro style)),
Image,Artist,修拉风格,((Seurat style)),
Image,Artist,莫迪利亚尼风格,((Modigliani style)),
Image,Artist,康定斯基风格,((Kandinsky style)),
Image,Artist,夏加尔风格,((Chagall style)),
Image,Artist,培根风格,((Bacon style)),
Image,Artist,霍珀风格,((Hopper style)),
Image,Artist,基弗风格,((Kiefer style)),
Image,Artist,米勒风格,((Millet style)),
Image,Artist,博斯风格,((Bosch style)),
Image,Artist,布格罗风格,((Bouguereau style)),
Image,Artist,勃鲁盖尔风格,((Bruegel style)),
Image,Artist,卡尔德风格,((Calder style)),
Image,Artist,卡萨特风格,((Cassatt style)),
Image,Artist,夏尔丹风格,((Chardin style)),
Image,Artist,柯罗风格,((Corot style)),
Image,Artist,库尔贝风格,((Courbet style)),
Image,Artist,恩格尔风格,((Ingres style)),
Image,Artist,莫里森风格,((Morisot style)),
Image,Artist,波提且利风格,((Botticelli style)),
Image,Artist,提香风格,((Titian style)),
Image,Artist,委拉斯凯兹风格,((Velázquez style)),
Image,Artist,鲁本斯风格,((Rubens style)),
Image,Artist,弗里达·卡罗风格,((Frida Kahlo style)),
Image,Artist,蒙德里安风格,((Mondrian style)),
Image,Artist,克莱因风格,((Klein style)),
Image,Artist,米罗风格,((Miró style)),
Image,Artist,基里科风格,((De Chirico style)),
Image,Artist,马格里特风格,((Magritte style)),
Image,Artist,贾科梅蒂风格,((Giacometti style)),
Image,Artist,安迪·沃霍尔风格,((Andy Warhol style)),
Image,Artist,巴塞洛缪风格,((Bartholomew style)),
Image,Artist,格哈德·里希特风格,((Gerhard Richter style)),
Image,Lighting,轮廓光,rim light,
Image,Lighting,体积光,volumetric lighting,
Image,Lighting,霓虹灯,glowing neon lights,
Image,Lighting,电影级光照,cinematic lighting,
Image,Lighting,透镜光晕,lens flare,
Image,Lighting,金属光泽,metallic luster,
Image,Lighting,氛围光照,moody lighting,
Image,Lighting,丁达尔效应,Tyndall effect,
Image,Lighting,漏光光效,light leaks,
Image,Lighting,背景光,background light,
Image,Lighting,自然光,available light,
Image,Lighting,逆光,backlighting,
Image,Lighting,侧光,side lighting,
Image,Lighting,顶光,top lighting,
Image,Lighting,前光,front lighting,
Image,Lighting,关键光,key light,
Image,Lighting,辅助光,fill light,
Image,Lighting,背景光,back light,
Image,Lighting,光斑,light spots,
Image,Lighting,散射光,scattered light,
Image,Lighting,反射光,reflected light,
Image,Lighting,折射光,refracted light,
Image,Lighting,全局光照,global illumination,
Image,Lighting,烘焙光照,baked lighting,
Image,Lighting,实时光照,real-time lighting,
Image,Lighting,阴影,shadows,
Image,Lighting,光晕,bloom,
Image,Lighting,眩光,glare,
Image,Lighting,焦散,caustics,
Image,Lighting,漫反射,diffuse reflection,
Image,Lighting,镜面反射,specular reflection,
Image,Lighting,环境光,ambient light,
Image,Lighting,定向光,directional light,
Image,Lighting,点光源,point light,
Image,Lighting,聚光灯,spot light,
Image,Lighting,发光材质,emissive material,
Image,Lighting,自发光,self-illumination,
Image,Lighting,光线追踪,ray tracing,
Image,Lighting,路径追踪,path tracing,
Image,Lighting,软阴影,soft shadows,
Image,Lighting,硬阴影,hard shadows,
Image,Lighting,阴影映射,shadow mapping,
Image,Lighting,光线追踪阴影,ray traced shadows,
Image,Lighting,SSS(次表面散射),subsurface scattering,
Image,Lighting,HDR(高动态范围),high dynamic range,
Image,Lighting,色调映射,tone mapping,
Image,Lighting,曝光,exposure,
Image,Lighting,对比度,contrast,
Image,Lighting,饱和度,saturation,
Image,Lighting,色温,color temperature,
Image,Lighting,色偏,color cast,
Image,Lighting,光栅化,rasterization,
Image,Lighting,辐射度,radiance,
Image,Lighting,照度,illuminance,
Image,Lighting,亮度,luminance,
Image,Lighting,辉度,brightness,
Image,Lighting,反射率,reflectivity,
Image,Lighting,折射率,refractivity,
Image,Lighting,透射率,transmittance,
Image,Lighting,吸收率,absorptivity,
Image,Lighting,漫反射系数,diffuse coefficient,
Image,Lighting,镜面反射系数,specular coefficient,
Image,Lighting,菲涅尔反射,Fresnel reflection,
Image,Lighting,间接光照,indirect lighting,
Image,Lighting,直接光照,direct lighting,
Image,Lighting,光影效果,lighting effects,
Image,Lighting,后期处理,post-processing,
Image,Color,橙色,orange,
Image,Color,蓝色,blue,
Image,Color,红色,red,
Image,Color,浅棕色,light_brown,
Image,Color,深粉色,dark_pink,
Image,Color,卡其色,khaki,
Image,Color,金黄色,blonde,
Image,Color,棕色,brown,
Image,Color,黑色,black,
Image,Color,灰色,gray,
Image,Color,深灰色,darkgray,
Image,Color,银色,silver,
Image,Color,浅灰色,lightgray,
Image,Color,庚氏灰色,gainsboro,
Image,Color,白烟色,whitesmoke,
Image,Color,雪白色,snow,
Image,Color,幽灵白,ghostwhite,
Image,Color,花白色,floralwhite,
Image,Color,亚麻色,linen,
Image,Color,古董白,antiquewhite,
Image,Color,番木瓜色,papayawhip,
Image,Color,漂白杏仁色,blanchedalmond,
Image,Color,饼干色,bisque,
Image,Color,鹿皮鞋色,moccasin,
Image,Color,纳瓦霍白,navajowhite,
Image,Color,桃肉色,peachpuff,
Image,Color,薄雾玫瑰,mistyrose,
Image,Color,淡紫红色,lavenderblush,
Image,Color,贝壳白,seashell,
Image,Color,老花色,oldlace,
Image,Color,象牙色,ivory,
Image,Color,蜜色,honeydew,
Image,Color,薄荷奶油色,mintcream,
Image,Color,蔚蓝色,azure,
Image,Color,艾莉丝蓝,aliceblue,
Image,Color,薰衣草色,lavender,
Image,Color,淡钢蓝色,lightsteelblue,
Image,Color,亮石板灰,lightslategray,
Image,Color,灰石色,slategray,
Image,Color,钢蓝色,steelblue,
Image,Color,皇家蓝,royalblue,
Image,Color,午夜蓝,midnightblue,
Image,Color,海军蓝,navy,
Image,Color,深蓝色,darkblue,
Image,Color,中蓝色,mediumblue,
Image,Color,道奇蓝,dodgerblue,
Image,Color,矢车菊蓝,cornflowerblue,
Image,Color,深天蓝,skyblue,
Image,Color,淡蓝色,lightblue,
Image,Color,粉蓝色,powderblue,
Image,Color,淡青色,paleturquoise,
Image,Color,青色,lightcyan,
Image,Color,碧绿色,cyan,
Image,Color,绿松石色,aquamarine,
Image,Color,中绿松石色,turquoise,
Image,Color,深绿松石色,mediumturquoise,
Image,Color,浅海绿色,darkturquoise,
Image,Color,军服蓝色,lightseagreen,
Image,Color,深青色,cadetblue,
Image,Color,水鸭色,darkcyan,
Image,Color,暗灰蓝色,teal,
Image,Color,深绿色,darkslategray,
Image,Color,绿色,darkgreen,
Image,Color,森林绿色,green,
Image,Color,海绿色,forestgreen,
Image,Color,中海绿色,seagreen,
Image,Color,中绿宝石色,mediumseagreen,
Image,Color,暗海绿色,mediumaquamarine,
Image,Color,绿松石色,darkseagreen,
Image,Color,淡绿色,palegreen,
Image,Color,草绿色,lightgreen,
Image,Color,中春绿色,springgreen,
Image,Color,草坪绿,mediumspringgreen,
Image,Color,查特酒绿色,lawngreen,
Image,Color,黄绿色,chartreuse,
Image,Color,酸橙色,greenyellow,
Image,Color,酸橙绿,lime,
Image,Color,橄榄褐色,limegreen,
Image,Color,橄榄绿色,yellowgreen,
Image,Color,橄榄色,darkolivegreen,
Image,Color,橄榄褐色,olivedrab,
Image,Color,橄榄色,olive,
Image,Color,暗卡其色,darkkhaki,
Image,Color,淡金菊色,palegoldenrod,
Image,Color,玉米色,cornsilk,
Image,Color,米色,beige,
Image,Color,浅黄色,lightyellow,
Image,Color,亮金黄色,lightgoldenrodyellow,
Image,Color,柠檬绸色,lemonchiffon,
Image,Color,小麦色,wheat,
Image,Color,琥珀色,burlywood,
Image,Color,棕褐色,tan,
Image,Color,黄色,yellow,
Image,Color,金色,gold,
Image,Color,橙褐色,sandybrown,
Image,Color,暗橙色,darkorange,
Image,Color,金菊色,goldenrod,
Image,Color,秘鲁色,peru,
Image,Color,暗金菊色,darkgoldenrod,
Image,Color,巧克力色,chocolate,
Image,Color,黄土赭色,sienna,
Image,Color,马鞍棕色,saddlebrown,
Image,Color,栗色,maroon,
Image,Color,暗红色,darkred,
Image,Color,耐火砖色,firebrick,
Image,Color,印第安红色,indianred,
Image,Color,玫瑰棕色,rosybrown,
Image,Color,深鲑鱼肉色,darksalmon,
Image,Color,浅珊瑚色,lightcoral,
Image,Color,鲑鱼肉色,salmon,
Image,Color,亮鲑鱼肉色,lightsalmon,
Image,Color,珊瑚色,coral,
Image,Color,番茄红,tomato,
Image,Color,橙红色,orangered,
Image,Color,深粉红色,crimson,
Image,Color,中紫罗兰红色,mediumvioletred,
Image,Color,深粉色,deeppink,
Image,Color,热粉红色,hotpink,
Image,Color,淡紫罗兰红色,palevioletred,
Image,Color,粉色,pink,
Image,Color,浅粉色,lightpink,
Image,Color,蓟色,thistle,
Image,Color,洋红色,magenta,
Image,Color,紫红色,fuchsia,
Image,Color,紫色,violet,
Image,Color,洋李色,plum,
Image,Color,兰花紫,orchid,
Image,Color,中兰花紫色,mediumorchid,
Image,Color,暗兰花紫色,darkorchid,
Image,Color,暗紫罗兰色,darkviolet,
Image,Color,暗洋红色,darkmagenta,
Image,Color,紫色,purple,
Image,Color,靛蓝色,indigo,
Image,Color,暗灰蓝色,darkslateblue,
Image,Color,蓝紫色,blueviolet,
Image,Color,中紫色,mediumpurple,
Image,Color,石蓝色,slateblue,
Image,Color,中石板蓝色,mediumslateblue,
Image,Background,景深,depth_of_field,
Image,Background,背景模糊,blurry,
Image,Background,前景模糊,blurry_foreground,
Image,Background,简单的背景,simple_background,
Image,Background,黑色背景,black_background,
Image,Background,白色背景,white_background,
Image,Background,透明背景,transparent_background,
Image,Background,米色背景,beige_background,
Image,Background,棕色背景,brown_background,
Image,Background,棕褐色背景,tan_background,
Image,Background,灰色背景,grey_background,
Image,Background,双色调背景,two-tone_background,
Image,Background,渐变的背景,gradient_background,
Image,Background,多彩的背景,multicolored_background,
Image,Background,彩虹背景,rainbow_background,
Image,Background,抽象背景,abstract_background,
Image,Background,菱形背景,argyle_background,
Image,Background,方格背景,checkered_background,
Image,Background,花朵点缀的背景,floral_background,
Image,Background,网点图背景,halftone_background,
Image,Background,桃色背景,heart_background,
Image,Background,蜂窝风格背景,honeycomb_background,
Image,Background,格子呢背景,plaid_background,
Image,Background,圆斑背景,polka_dot,
Image,Background,条纹背景,striped_background,
Image,Background,风景,scenery,
Image,Background,景观,landscape,
Image,Background,花卉图案装饰的背景,foral_background,
Image,Background,作物顶部悬垂,crop_top_overhang,
Image,Background,星空背景,starry_background,
Image,Background,闪着星光的背景,sparkle_background,
Image,Background,城市背景,cityscape,
Image,Background,城市灯光背景,city_lights,
Image,Background,时钟背景,clock_background,
Image,Background,气泡背景,bubble_background,
Image,Background,边框,border,
Image,Background,柱状画布背景,pillarboxed,
Image,Background,圆角背景/画框,rounded_corners,
Image,Background,相机取景框,viewfinder,
Image,Background,套着画框(背景),windowboxed,
Image,Background,一部分画到了背景框外,outside_border,
Image,Background,回忆场景,flashback,
Image,Background,文字背景,wall_of_text,
Image,Background,背景文字,background_text,
Scene,Season,春天,in spring,
Scene,Season,夏天,in summer,
Scene,Season,秋天,in autumn,
Scene,Season,冬天,in winte,
Scene,Season,一月,January,
Scene,Season,二月,February,
Scene,Season,三月,March,
Scene,Season,四月,April,
Scene,Season,五月,May,
Scene,Season,六月,June,
Scene,Season,七月,July,
Scene,Season,八月,August,
Scene,Season,九月,September,
Scene,Season,十月,October,
Scene,Season,十一月,November,
Scene,Season,十二月,December,
Scene,Season,立春,Start of Spring,
Scene,Season,雨水,Rain Water,
Scene,Season,惊蛰,Awakening of Insects,
Scene,Season,春分,Spring Equinox,
Scene,Season,清明,Pure Brightness,
Scene,Season,谷雨,Grain Rain,
Scene,Season,立夏,Start of Summer,
Scene,Season,小满,Grain Buds,
Scene,Season,芒种,Grain in Ear,
Scene,Season,夏至,Summer Solstice,
Scene,Season,小暑,Slight Heat,
Scene,Season,大暑,Great Heat,
Scene,Season,立秋,Start of Autumn,
Scene,Season,处暑,End of Heat,
Scene,Season,白露,White Dew,
Scene,Season,秋分,Autumn Equinox,
Scene,Season,寒露,Cold Dew,
Scene,Season,霜降,Frost Descent,
Scene,Season,立冬,Start of Winter,
Scene,Season,小雪,Slight Snow,
Scene,Season,大雪,Great Snow,
Scene,Season,冬至,Winter Solstice,
Scene,Season,小寒,Slight Cold,
Scene,Season,大寒,Great Cold,
Scene,Weather,白天,day,
Scene,Weather,黄昏,dusk,
Scene,Weather,夜晚,night,
Scene,Weather,下雨,rain,
Scene,Weather,雨天,rainy days,
Scene,Weather,日落,sunset,
Scene,Weather,多云,cloudy,
Scene,Weather,满月,full moon,
Scene,Weather,太阳,sun,
Scene,Weather,月亮,moon,
Scene,Weather,满月,full_moon,
Scene,Weather,星星,stars,
Scene,Weather,天空,sky,
Scene,Weather,宇宙,universe,
Scene,Weather,冰雪,snow,ice
Scene,Weather,雪花,snowflakes,
Scene,Weather,闪电,lightning,
Scene,Weather,彩虹,rainbow,
Scene,Weather,流星雨,meteor shower,
Scene,Weather,积雨云,cumulonimbus,
Scene,Weather,晴天,sunny,
Scene,Weather,阴天,overcast,
Scene,Weather,雾天,foggy,
Scene,Weather,大雾,dense fog,
Scene,Weather,霜冻,frost,
Scene,Weather,冰雹,hail,
Scene,Weather,暴雨,heavy rain,
Scene,Weather,阵雨,shower,
Scene,Weather,雷暴,thunderstorm,
Scene,Weather,暴风雪,blizzard,
Scene,Weather,风,wind,
Scene,Weather,强风,strong wind,
Scene,Weather,飓风,hurricane,
Scene,Weather,龙卷风,tornado,
Scene,Weather,沙尘暴,sandstorm,
Scene,Weather,热浪,heat wave,
Scene,Weather,寒流,cold wave,
Scene,Weather,干旱,drought,
Scene,Weather,小雨,drizzle,
Scene,Weather,中雨,moderate rain,
Scene,Weather,大雨,heavy rain,
Scene,Weather,小雪,light snow,
Scene,Weather,中雪,moderate snow,
Scene,Weather,大雪,heavy snow,
Scene,Weather,雨夹雪,sleet,
Scene,Weather,冰雨,freezing rain,
Scene,Weather,阴雨,cloudy with rain,
Scene,Weather,晴间多云,partly cloudy,
Scene,Weather,局部多云,partly cloudy,
Scene,Weather,薄雾,mist,
Scene,Weather,霾,haze,
Scene,Weather,微风,gentle breeze,
Scene,Weather,和风,moderate breeze,
Scene,Weather,大风,strong wind,
Scene,Weather,狂风,gale,
Scene,Weather,暴风雨,storm,
Scene,Weather,台风,typhoon,
Scene,Weather,日出,sunrise,
Scene,Weather,月食,lunar eclipse,
Scene,Weather,日食,solar eclipse,
Scene,Weather,极光,aurora,
Scene,Weather,高温,high temperature,
Scene,Weather,低温,low temperature,
Scene,Weather,热带风暴,tropical storm,
Scene,Weather,热带低压,tropical depression,
Scene,Weather,副热带高压,subtropical high,
Scene,Weather,锋面,front,
Scene,Weather,冷锋,cold front,
Scene,Weather,暖锋,warm front,
Scene,Weather,静止锋,stationary front,
Scene,Weather,气旋,cyclone,
Scene,Weather,反气旋,anticyclone,
Scene,Weather,高气压,high pressure,
Scene,Weather,低气压,low pressure,
Scene,Weather,西南风,southwest wind,
Scene,Weather,东北风,northeast wind,
Scene,Weather,东南风,southeast wind,
Scene,Weather,西北风,northwest wind,
Scene,Weather,无风,calm,
Scene,Weather,晴朗,clear,
Scene,Weather,炎热,hot,
Scene,Weather,寒冷,cold,
Scene,Weather,潮湿,humid,
Scene,Weather,干燥,dry,
Scene,Weather,闷热,muggy,
Scene,Nature,大自然,nature,
Scene,Nature,大海,sea,
Scene,Nature,海洋,ocean,
Scene,Nature,山丘,hills,
Scene,Nature,草地,meadow,
Scene,Nature,海滩,beach,
Scene,Nature,水中,underwater,
Scene,Nature,滴水,dripping,
Scene,Nature,涟漪,ripples,
Scene,Nature,漩涡,swirl,
Scene,Nature,波浪,waves,
Scene,Nature,海上,over the sea,
Scene,Nature,树林,grove,
Scene,Nature,沙漠,desert,
Scene,Nature,高原,plateau,
Scene,Nature,悬崖,cliff,
Scene,Nature,峡谷,canyon,
Scene,Nature,绿洲,oasis,
Scene,Nature,竹林,bamboo forest,
Scene,Nature,冰川,glacier,
Scene,Nature,浮岛,floating island,
Scene,Nature,火山,volcano,
Scene,Nature,大草原,savanna,
Scene,Nature,瀑布,waterfall,
Scene,Nature,溪流,stream,
Scene,Nature,荒地,wasteland,
Scene,Nature,田野,field,
Scene,Nature,稻田,rice paddy,
Scene,Nature,麦田,wheat field,
Scene,Nature,花田,flower field,
Scene,Nature,花海,flower sea,
Scene,Nature,太空,space,
Scene,Nature,星空,starry sky,
Scene,Nature,湖泊,lake,
Scene,Nature,河流,river,
Scene,Nature,温泉,onsen,
Scene,Nature,繁花草甸,flower meadows,
Scene,Nature,阿尔卑斯山脉,Alps,
Scene,Nature,梦幻森林,dream forest,
Scene,Nature,山脉,mountains,
Scene,Nature,山上,on a hill,
Scene,Nature,山顶,mountaintop,
Scene,Nature,户外,outdoors,
Scene,Nature,森林,forest,
Scene,Nature,沼泽,swamp,
Scene,Nature,湿地,wetland,
Scene,Nature,峡湾,fjord,
Scene,Nature,热带雨林,rainforest,
Scene,Nature,红树林,mangrove,
Scene,Nature,珊瑚礁,coral reef,
Scene,Nature,洞穴,cave,
Scene,Nature,峡谷,gorge,
Scene,Nature,平原,plain,
Scene,Nature,山谷,valley,
Scene,Nature,丘陵,hills,
Scene,Nature,盆地,basin,
Scene,Nature,岛屿,island,
Scene,Nature,半岛,peninsula,
Scene,Nature,海角,cape,
Scene,Nature,沙滩,sand dune,
Scene,Nature,岩石,rocks,
Scene,Nature,瀑布,cascade,
Scene,Nature,急流,rapid,
Scene,Nature,小溪,creek,
Scene,Nature,池塘,pond,
Scene,Nature,水库,reservoir,
Scene,Nature,冰山,iceberg,
Scene,Nature,冰盖,ice sheet,
Scene,Nature,冻土,tundra,
Scene,Nature,海岸线,coastline,
Scene,Nature,海湾,bay,
Scene,Nature,泻湖,lagoon,
Scene,Nature,沙丘,sand dune,
Scene,Nature,盐沼,salt marsh,
Scene,Nature,红树林沼泽,mangrove swamp,
Scene,Nature,泥滩,mudflat,
Scene,Nature,海蚀崖,sea cliff,
Scene,Nature,海蚀洞,sea cave,
Scene,Nature,石灰岩,limestone,
Scene,Nature,砂岩,sandstone,
Scene,Nature,玄武岩,basalt,
Scene,Nature,矿脉,mineral vein,
Scene,Nature,地热区,geothermal area,
Scene,Nature,深海平原,abyssal plain,
Scene,Nature,海山,seamount,
Scene,Nature,海沟,ocean trench,
Scene,Nature,热液喷口,hydrothermal vent,
Scene,Nature,珊瑚礁,coral reef,
Scene,Nature,海草床,seagrass bed,
Scene,Nature,海藻林,kelp forest,
Scene,Nature,海底峡谷,submarine canyon,
Scene,Nature,海底山脉,submarine mountain range,
Scene,Nature,海底火山,submarine volcano,
Scene,Nature,海底洞穴,submarine cave,
Scene,Nature,沉船,shipwreck,
Scene,Nature,暗礁,reef,
Scene,Nature,海脊,ocean ridge,
Scene,Nature,海床,seabed,
Scene,Nature,大陆架,continental shelf,
Scene,Nature,大陆坡,continental slope,
Scene,Nature,深海,deep sea,
Scene,Nature,深渊带,hadal zone,
Scene,Sky,天空,sky,
Scene,Sky,倾斜的天空,gradient_sky,
Scene,Sky,夜空,night_sky,
Scene,Sky,星空,starry_sky,
Scene,Sky,超级银河,hyper_galaxy,
Scene,Sky,星星(天空中的),star_(sky),
Scene,Sky,星星轨迹,star_trail,
Scene,Sky,落日,sunset,
Scene,Sky,日出,sunrise,
Scene,Sky,日落,sundown,
Scene,Sky,黄昏,twilight,
Scene,Sky,黎明,dawn,
Scene,Sky,拂晓,break_of_dawn,
Scene,Sky,朝霞,morning_glow,
Scene,Sky,晚霞,evening_glow,
Scene,Sky,彩霞,sunset_glow,
Scene,Sky,彩虹,rainbow,
Scene,Sky,月亮,moon,
Scene,Sky,月球的,lunar,
Scene,Sky,月牙,crescent,
Scene,Sky,新月,crescent_moon,
Scene,Sky,满月,full_moon,
Scene,Sky,月光,moonlight,
Scene,Sky,猩红月亮,scarlet_moon,
Scene,Sky,蓝天,blue_sky,
Scene,Sky,晴朗的天空,clear_sky,
Scene,Sky,多云的天空,cloudy_sky,
Scene,Sky,阴天,overcast_sky,
Scene,Sky,宇宙,universe,
Scene,Sky,太空,space,
Scene,Sky,星球,planet,
Scene,Sky,空间站,from_space_station,
Scene,Sky,卫星,satellite,
Scene,Sky,流星,meteor,
Scene,Sky,流星雨,meteor_shower,
Scene,Sky,极光,aurora,
Scene,Sky,北极光,aurora_borealis,
Scene,Sky,南极光,aurora_australis,
Scene,Sky,彗星,comet,
Scene,Sky,云层,cloud_layer,
Scene,Sky,阴霾,haze,
Scene,Sky,雾,fog,
Scene,Sky,薄雾,mist,
Scene,Sky,日晕,sun_halo,
Scene,Sky,月晕,moon_halo,
Scene,Sky,雨,rain,
Scene,Sky,雪,snow,
Scene,Sky,闪电,lightning,
Scene,Sky,雷声,thunder,
Scene,Sky,飓风,hurricane,
Scene,Sky,龙卷风,tornado,
Scene,Sky,飞鸟,flying_birds,
Scene,Sky,飞机,airplane,
Scene,Sky,热气球,hot_air_balloon,
Scene,Sky,风,wind,
Scene,Sky,暴风雨,storm,
Scene,Sky,沙尘暴,sandstorm,
Scene,Sky,太阳,sun,
Scene,Sky,太阳耀斑,solar_flare,
Scene,Sky,日食,solar_eclipse,
Scene,Sky,月食,lunar_eclipse,
Scene,Sky,云,cloud,
Scene,Sky,乌云,dark_cloud,
Scene,Sky,白云,white_cloud,
Scene,Sky,积云,cumulus_cloud,
Scene,Sky,层云,stratus_cloud,
Scene,Sky,卷云,cirrus_cloud,
Scene,Sky,雷雨云,thundercloud,
Scene,Sky,云海,sea_of_clouds,
Scene,Sky,火烧云,fire_clouds,
Scene,Sky,卷积云,cirrocumulus_cloud,
Scene,Sky,高积云,altocumulus_cloud,
Scene,Sky,卷云,cirrus,
Scene,Sky,卷积云,Cirrocumulus,
Scene,Sky,卷层云,Cirrostratus,
Scene,Sky,高积云,Altocumulus,
Scene,Sky,高层云,Altostratus,
Scene,Sky,层云,stratus,
Scene,Sky,层积云,Stratocumulus,
Scene,Sky,积云,cumulus,
Scene,Sky,积雨云,Cumulonimbus,
Scene,Sky,雨层云,Nimbostratus,
Scene,Sky,毛卷云,cirrus_fibratus,
Scene,Sky,钩卷云,cirrus_uncinus,
Scene,Sky,密卷云,cirrus_spissatus,
Scene,Sky,絮卷云,cirrus_floccus,
Scene,Sky,堡卷云,cirrus_castellanus,
Scene,Sky,乱卷云,cirrus_intortus,
Scene,Sky,卷积云类,cirrocumulus,
Scene,Sky,层状卷积云,cirrocumulus_stratiformis,
Scene,Sky,絮状卷积云,cirrocumulus_floccus,
Scene,Sky,堡状卷积云,cirrocumulus_castellanus,
Scene,Sky,网状卷积云,cirrocumulus_lacunosus,
Scene,Sky,卷层云类,cirrostratus,
Scene,Sky,毛卷层云,cirrostratus_fibratus,
Scene,Sky,雾卷层云,cirrostratus_nebulosus,
Scene,Sky,高积云类,altocumulus,
Scene,Sky,层状高积云,altocumulus_strataformis,
Scene,Sky,荚状高积云,altocumulus_lenticularis,
Scene,Sky,堡状高积云,altocumulus_castellanus,
Scene,Sky,絮状高积云,altocumulus_floccus,
Scene,Sky,网状高积云,altocumulus_lacunosus,
Scene,Sky,高层云类,altostratus,
Scene,Sky,波状高层云,altostratus_undulatus,
Scene,Sky,复合高层云,altostratus_duplicates,
Scene,Sky,破片高层云,altostratus_pannus,
Scene,Sky,透光高层云,altostratus_translucidus,
Scene,Sky,蔽光高层云,altostratus_opacus,
Scene,Sky,辐状高层云,altostratus_radiatus,
Scene,Sky,乳状高层云,altostratus_mammatus,
Scene,Sky,碎层云,stratus_fractus,
Scene,Sky,雾层云,stratus_nebulosus,
Scene,Sky,波层云,stratus_undulatus,
Scene,Sky,层积云类,stratocumulus,
Scene,Sky,层状层积云,stratocumulus_stratiformis,
Scene,Sky,积雨性层积云,stratocumulus_cumulogentis,
Scene,Sky,堡状层积云,stratocumulus_castellanus,
Scene,Sky,荚状层积云,stratocumulus_lenticularis,
Scene,Sky,絮状层积云,stratocumulus_lacunosus,
Scene,Sky,淡积云,cumulus_humilis,
Scene,Sky,中积云,cumulus_mediocris,
Scene,Sky,浓积云,cumulus_congestus,
Scene,Sky,碎积云,cumulus_fractus,
Scene,Sky,积雨云类,cumulonimbus,
Scene,Sky,秃积雨云,cumulonimbus_calvus,
Scene,Sky,鬃积雨云,cumulonimbus_capillatus,
Scene,Sky,砧积雨云,cumulonimbus_incus,
Scene,Vibe,新年,new year,
Scene,Vibe,兔年,year of the rabbit,
Scene,Vibe,情人节,valentine,
Scene,Vibe,元宵节,lantern festival,
Scene,Vibe,夏日祭,summer festival,
Scene,Vibe,七夕节,tanabata,
Scene,Vibe,中秋节,mid-autumn festival,
Scene,Vibe,万圣节,halloween,
Scene,Vibe,圣诞节,christmas,
Scene,Vibe,爆炸,explosion,
Scene,Vibe,蒸汽,water vapor,
Scene,Vibe,焰火,fireworks,
Scene,Vibe,落地窗,ceiling window,
Scene,Vibe,彩色玻璃,colourful glass,
Scene,Vibe,染色玻璃,stain glass,
Scene,Vibe,涂鸦墙,Graffiti wall,
Scene,Vibe,马赛克背景,mosaic background,
Scene,Vibe,液体背景,liquid background,
Scene,Vibe,液体背景,Sputtered water,
Scene,Vibe,魔法环,magic circles,
Scene,Vibe,荧光蘑菇森林,fluorescent mushroom forests background,
Scene,Vibe,彩色泡泡,(((colorful bubble))),
Scene,Vibe,海边日落,in the ocean,
Scene,Vibe,傍晚背对阳光,against backlight at dusk,
Scene,Vibe,黄金时段照明,golden hour lighting,
Scene,Vibe,强边缘光,strong rim light,
Scene,Vibe,强阴影,intense shadows,
Scene,Vibe,春天的早晨,Spring morning,
Scene,Vibe,仲夏夜之梦,Midsummer nights dream,
Scene,Vibe,丰收季节,Harvest season,
Scene,Vibe,温馨的家庭聚会,Warm family gathering,
Scene,Vibe,浪漫的烛光晚餐,Romantic candlelit dinner,
Scene,Vibe,神秘的万圣节之夜,Mysterious Halloween night,
Scene,Vibe,热闹的嘉年华,Lively carnival,
Scene,Vibe,宁静的圣诞夜,Quiet Christmas Eve,
Scene,Vibe,绚丽的烟火表演,Spectacular fireworks display,
Scene,Vibe,柔和的月光,Soft moonlight,
Scene,Vibe,温暖的阳光,Warm sunlight,
Scene,Vibe,昏暗的灯光,Dim lighting,
Scene,Vibe,霓虹闪烁的夜晚,Neon-lit night,
Scene,Vibe,梦幻般的星光,Dreamlike starlight,
Scene,Vibe,快乐的节日气氛,Joyful festive atmosphere,
Scene,Vibe,宁静祥和的氛围,Peaceful and serene atmosphere,
Scene,Vibe,神秘而诡异的氛围,Mysterious and eerie atmosphere,
Scene,Vibe,浪漫温馨的氛围,Romantic and warm atmosphere,
Scene,Vibe,充满活力的氛围,Vibrant atmosphere,
Scene,Vibe,忧郁悲伤的氛围,Melancholy and sad atmosphere,
Scene,Vibe,热烈奔放的氛围,Passionate and unrestrained atmosphere,
Scene,Vibe,古老的城堡,Ancient castle,
Scene,Vibe,幽静的森林,Quiet forest,
Scene,Vibe,繁华的都市夜景,Bustling city nightscape,
Scene,Vibe,荒凉的沙漠,Desolate desert,
Scene,Vibe,冰雪覆盖的山峰,Snow-covered mountain peaks,
Scene,Vibe,清澈的溪流,Clear stream,
Scene,Vibe,神秘的洞穴,Mysterious cave,
Scene,Vibe,宁静的海滩,Peaceful beach,
Scene,Vibe,热闹的集市,Busy marketplace,
Scene,Vibe,古老的寺庙,Ancient temple,
Scene,Vibe,迷人的田园风光,Charming pastoral scenery,
Scene,Vibe,梦幻般的云海,Dreamlike sea of clouds,
Scene,Vibe,金色的秋日,Golden autumn,
Scene,Vibe,翠绿的春天,Green spring,
Scene,Vibe,阴雨连绵的天气,Rainy weather,
Scene,Vibe,暴风雨来临前的宁静,Calm before the storm,
Scene,Vibe,雷雨交加的夜晚,Thunderstorm night,
Scene,Vibe,彩虹下的田野,Fields under a rainbow,
Scene,Vibe,日落余晖,Sunset glow,
Scene,Vibe,晨曦微光,Dawn light,
Scene,Vibe,月光下的湖面,Lake under the moonlight,
Scene,Vibe,星光灿烂的夜空,Starry night sky,
Scene,Vibe,温暖舒适的室内,Warm and comfortable interior,
Scene,Vibe,冰冷空旷的房间,Cold and empty room,
Scene,Vibe,充满艺术气息的工作室,Artistic studio,
Scene,Vibe,科技感十足的实验室,High-tech laboratory,
Scene,Vibe,废弃的工厂,Abandoned factory,
Scene,Vibe,神秘的古墓,Mysterious ancient tomb,
Scene,Vibe,繁星点点的夜空,Starry night sky,
Scene,Vibe,月光下的森林,Forest under the moonlight,
Scene,Vibe,落日余晖下的海滩,Beach at sunset,
Scene,Vibe,暴风雨后的宁静,Calm after the storm,
Scene,Vibe,清晨薄雾笼罩的山谷,Misty valley in the morning,
Scene,Vibe,喧闹的城市广场,Bustling city square,
Scene,Vibe,宁静的乡村小路,Quiet country road,
Scene,Vibe,热闹的酒吧,Busy bar,
Scene,Vibe,舒适的咖啡馆,Cozy cafe,
Scene,Vibe,充满书香的图书馆,Book-filled library,
Scene,Vibe,充满活力的体育场馆,Vibrant stadium,
Scene,Vibe,庄严神圣的大教堂,Grand and sacred cathedral,
Scene,Vibe,古老神秘的地下城,Old and mysterious dungeon,
Scene,Vibe,充满未来感的城市,Futuristic city,
Scene,Vibe,童话般的森林,Fairy-tale forest,
Scene,Vibe,充满魔力的魔法森林,Magical enchanted forest,
Scene,Vibe,充满生机的雨林,Lush rainforest,
Scene,Vibe,干燥炎热的沙漠,Dry and hot desert,
Scene,Vibe,冰天雪地的北极,Icy and snowy Arctic,
Scene,Vibe,色彩斑斓的珊瑚礁,Colorful coral reef,
Scene,Vibe,深邃神秘的海洋,Deep and mysterious ocean,
Scene,Vibe,阴森恐怖的古堡,Creepy ancient castle,
Scene,Vibe,阴暗潮湿的地窖,Dark and damp cellar,
Scene,Vibe,血迹斑斑的房间,Blood-stained room,
Scene,Vibe,鬼影幢幢的走廊,Haunted corridor,
Scene,Vibe,阴风阵阵的墓地,Windy graveyard,
Scene,Vibe,荒废的医院,Abandoned hospital,
Scene,Vibe,阴森恐怖的森林,Scary forest,
Scene,Vibe,漆黑寂静的夜晚,Dark and silent night,
Scene,Vibe,令人毛骨悚然的寂静,Eerie silence,
Scene,Vibe,阴冷刺骨的寒风,Freezing wind,
Scene,Vibe,阴魂不散的鬼屋,Haunted house,
Scene,Vibe,诡异的雕像,Creepy statue,
Scene,Vibe,破败不堪的教堂,Decayed church,
Scene,Vibe,阴森恐怖的沼泽,Creepy swamp,
Scene,Vibe,充满血腥味的房间,Blood-smelling room,
Scene,Vibe,阴森恐怖的地下室,Scary basement,
Scene,Vibe,令人不安的氛围,Uneasy atmosphere,
Scene,Vibe,充满压迫感的空间,Oppressive space,
Scene,Vibe,令人窒息的黑暗,Suffocating darkness,
Scene,Vibe,潜伏的危险,Imminent danger,
Scene,Outdoor,城堡,castle,
Scene,Outdoor,城市,city,
Scene,Outdoor,城市风景,cityscape,
Scene,Outdoor,街道,street,
Scene,Outdoor,市中心,downtown,
Scene,Outdoor,人群,crowd,
Scene,Outdoor,小巷,alley,
Scene,Outdoor,大道,in_main_street,
Scene,Outdoor,路口,Intersection,
Scene,Outdoor,大街,avenue,
Scene,Outdoor,水上乐园,waterpark,
Scene,Outdoor,旋转木马,carousel,
Scene,Outdoor,摩天轮,ferris wheel,
Scene,Outdoor,水族馆,aquarium,
Scene,Outdoor,动物园,zoo,
Scene,Outdoor,保龄球馆,bowling alley,
Scene,Outdoor,美术馆,art gallery,
Scene,Outdoor,博物馆,museum,
Scene,Outdoor,天文馆,planetarium,
Scene,Outdoor,游泳池,swimming pool,
Scene,Outdoor,体育场,stadium,
Scene,Outdoor,寺庙,temple,
Scene,Outdoor,巴士车站,bus stop,
Scene,Outdoor,火车站,train station,
Scene,Outdoor,喷泉,fountain,
Scene,Outdoor,游乐场,playground,
Scene,Outdoor,市场摊位,market stall,
Scene,Outdoor,电话亭,phone booth,
Scene,Outdoor,铁轨,railroad tracks,
Scene,Outdoor,机场,airport,
Scene,Outdoor,隧道,tunnel,
Scene,Outdoor,摩天楼,skyscraper,
Scene,Outdoor,城市风景,cityscape,
Scene,Outdoor,废墟,ruins,
Scene,Outdoor,鸟居,torii,
Scene,Outdoor,教堂,church,
Scene,Outdoor,商店,shop,
Scene,Outdoor,街道,street,
Scene,Outdoor,赛博朋克城市,cyberpunk city,
Scene,Outdoor,神社,gohei,
Scene,Outdoor,繁华都市,Bustling city,
Scene,Outdoor,实验室,laboratory,
Scene,Outdoor,咖啡馆,coffee house,
Scene,Outdoor,健身房,gym,
Scene,Outdoor,图书馆,library,
Scene,Outdoor,监狱,prison,
Scene,Outdoor,轮机舱,engine room,
Scene,Outdoor,栏杆,handrail,
Scene,Outdoor,霓虹灯,neon lights,
Scene,Outdoor,路灯,street lamp,
Scene,Outdoor,道路,road,
Scene,Outdoor,贫民窟,shanty slum,
Scene,Outdoor,仓库,warehouse,
Scene,Outdoor,饭店,restaurant,
Scene,Outdoor,树屋,treehouse,
Scene,Outdoor,建筑废墟,building_ruins,
Scene,Outdoor,酒吧,bar,
Scene,Outdoor,居酒屋,izakaya,
Scene,Outdoor,咖啡馆,cafe,
Scene,Outdoor,面包店,bakery,
Scene,Outdoor,便利店,convenience store,
Scene,Outdoor,超市,supermarket,
Scene,Outdoor,药店,pharmacy,
Scene,Outdoor,剧院,theater,
Scene,Outdoor,电影院,movie theater,
Scene,Outdoor,工作坊,workshop,
Scene,Outdoor,法庭,courtroom,
Scene,Outdoor,公园,park,
Scene,Outdoor,吊架,Trapeze,
Scene,Outdoor,教室,classroom,
Scene,Outdoor,植物园,botanical garden,
Scene,Outdoor,游乐园,amusement_park,
Scene,Outdoor,迪士尼乐园,Disney_land,
Scene,Outdoor,竞技场,arena,
Scene,Outdoor,摔角场,wrestling_ring,
Scene,Outdoor,礼堂,Auditorium,
Scene,Outdoor,音乐会,concert,
Scene,Outdoor,日本旅馆,Japanese_hotel,
Scene,Outdoor,监狱酒吧,jail_bars,
Scene,Outdoor,舞台,stage,
Scene,Outdoor,港口,harbor,
Scene,Outdoor,赌场,casino,
Scene,Outdoor,台球桌,billiard,
Scene,Outdoor,地牢,dungeon,
Scene,Outdoor,坟墓,grave,
Scene,Outdoor,墓地,graveyard,
Scene,Outdoor,墓碑,tombstone,
Scene,Outdoor,巨大的石头物体,monolith,
Scene,Outdoor,建筑,building,
Scene,Outdoor,建筑,architecture,
Scene,Outdoor,建筑,magnificent_architecture,
Scene,Outdoor,摩天楼,Skyscraper,
Scene,Outdoor,大教堂,cathedral,
Scene,Outdoor,中式阁楼,chinese_style_loft,
Scene,Outdoor,塔楼,turret,
Scene,Outdoor,塔,tower,
Scene,Outdoor,清真寺,mosque,
Scene,Outdoor,水库,reservoir,
Scene,Outdoor,铁路,railroad,
Scene,Outdoor,铁路,railway,
Scene,Outdoor,桥,bridge,
Scene,Outdoor,桥下,under_bridge,
Scene,Outdoor,废墟,remains,
Scene,Outdoor,废墟,rubble_ruins,
Scene,Outdoor,停车场,parking lot,
Scene,Outdoor,加油站,gas station,
Scene,Outdoor,高速公路,highway,
Scene,Outdoor,立交桥,overpass,
Scene,Outdoor,人行道,sidewalk,
Scene,Outdoor,自行车道,bike path,
Scene,Outdoor,人行天桥,pedestrian bridge,
Scene,Outdoor,交通灯,traffic light,
Scene,Outdoor,标志牌,sign,
Scene,Outdoor,路标,road sign,
Scene,Outdoor,护栏,guardrail,
Scene,Outdoor,路障,traffic_cone,
Scene,Outdoor,路灯,lamppost,
Scene,Outdoor,电线杆和电线,power_lines,
Scene,Outdoor,栅栏,fence,
Scene,Outdoor,栏杆,railing,
Scene,Outdoor,隔离带,median strip,
Scene,Outdoor,停车位,parking space,
Scene,Outdoor,垃圾桶,trash can,
Scene,Outdoor,自动贩卖机,vending_machine,
Scene,Outdoor,邮箱,mailbox,
Scene,Outdoor,消防栓,fire hydrant,
Scene,Outdoor,电线杆,utility pole,
Scene,Outdoor,变电站,substation,
Scene,Outdoor,高压线,power line,
Scene,Outdoor,广告牌,billboard,
Scene,Outdoor,雕塑,sculpture,
Scene,Outdoor,纪念碑,monument,
Scene,Outdoor,喷水池,water feature,
Scene,Outdoor,雕像,statue,
Scene,Outdoor,公园长椅,park bench,
Scene,Outdoor,草坪,lawn,
Scene,Outdoor,垃圾箱,dumpster,
Scene,Outdoor,公用电话亭,payphone,
Scene,Outdoor,户外广告,outdoor advertising,
Scene,Outdoor,户外座椅,outdoor seating,
Scene,Outdoor,桥梁,bridge,
Scene,Outdoor,码头,dock,
Scene,Outdoor,码头,pier,
Scene,Outdoor,农场,farm,
Scene,Outdoor,牧场,ranch,
Scene,Outdoor,乡村道路,country road,
Scene,Outdoor,乡村,countryside,
Scene,Outdoor,郊区,suburbs,
Scene,Outdoor,住宅区,residential area,
Scene,Outdoor,商业区,commercial area,
Scene,Outdoor,工业区,industrial area,
Scene,Outdoor,停车场入口,parking entrance,
Scene,Outdoor,高速公路出口,highway exit,
Scene,Outdoor,加油站便利店,gas station convenience store,
Scene,Outdoor,高速公路休息站,highway rest area,
Scene,Outdoor,施工现场,construction site,
Scene,Outdoor,农田,farmland,
Scene,Outdoor,葡萄园,vineyard,
Scene,Outdoor,果园,orchard,
Scene,Outdoor,风力发电机,wind turbine,
Scene,Outdoor,太阳能电池板,solar panel,
Scene,Outdoor,输电塔,transmission tower,
Scene,Outdoor,通信塔,communication tower,
Scene,Outdoor,瞭望塔,lookout tower,
Scene,Outdoor,水塔,water tower,
Scene,Indoor,室内,indoor,
Scene,Indoor,浴室,bathroom,
Scene,Indoor,厕所隔间,toilet stall,
Scene,Indoor,宅男房间,otaku room,
Scene,Indoor,自助餐厅,cafeteria,
Scene,Indoor,教室,classroom,
Scene,Indoor,俱乐部,clubroom,
Scene,Indoor,卧室,bedroom,
Scene,Indoor,厨房,kitchen,
Scene,Indoor,宿舍,dormitory,
Scene,Indoor,地库,dungeon,
Scene,Indoor,医务室,infirmary,
Scene,Indoor,舞台,stage,
Scene,Indoor,配电房,electrical room,
Scene,Indoor,服务器机房,server room,
Scene,Indoor,地下室,basement,
Scene,Indoor,美术室,art room,
Scene,Indoor,浴室,bathing,
Scene,Indoor,楼梯,stairs,
Scene,Indoor,温室,greenhouse,
Scene,Indoor,客厅,living room,
Scene,Indoor,书房,study,
Scene,Indoor,餐厅,dining room,
Scene,Indoor,阳台,balcony,
Scene,Indoor,走廊,corridor,
Scene,Indoor,电梯,elevator,
Scene,Indoor,大厅,hall,
Scene,Indoor,图书馆,library,
Scene,Indoor,办公室,office,
Scene,Indoor,会议室,meeting room,
Scene,Indoor,储藏室,storage room,
Scene,Indoor,洗衣房,laundry room,
Scene,Indoor,车库,garage,
Scene,Indoor,衣帽间,walk-in closet,
Scene,Indoor,游戏室,game room,
Scene,Indoor,健身房,gym,
Scene,Indoor,工作室,studio,
Scene,Indoor,祈祷室,prayer room,
Scene,Indoor,接待室,reception room,
Scene,Indoor,阅览室,reading room,
Scene,Indoor,盥洗室,washroom,
Scene,Indoor,更衣室,locker room,
Scene,Indoor,试衣间,fitting room,
Scene,Indoor,博物馆展厅,museum exhibit hall,
Scene,Indoor,档案馆,archives,
Scene,Indoor,实验室,laboratory,
Scene,Indoor,手术室,operating room,
Scene,Indoor,病房,hospital ward,
Scene,Indoor,影剧院,cinema,
Scene,Indoor,录音棚,recording studio,
Scene,Indoor,播音室,broadcast studio,
Scene,Indoor,控制室,control room,
Scene,Indoor,电梯间,elevator shaft,
Scene,Indoor,楼梯间,stairwell,
Scene,Indoor,天井,atrium,
Scene,Indoor,前厅,foyer,
Scene,Indoor,休息室,lounge,
Scene,Indoor,候车室,waiting room,
Scene,Indoor,咖啡厅,cafe,
Scene,Indoor,酒吧,bar,
Scene,Indoor,水疗室,spa,
Scene,Indoor,桑拿房,sauna,
Scene,Indoor,蒸汽房,steam room,
Scene,Indoor,按摩室,massage room,
Scene,Indoor,宠物房,pet room,
Scene,Indoor,温室花园,indoor greenhouse garden,
Scene,Indoor,植物室,plant room,
Scene,Indoor,温室栽培室,greenhouse cultivation room,
Scene,Indoor,多功能厅,multi-purpose hall,
Scene,Indoor,展览厅,exhibition hall,
Scene,Indoor,美术馆,art gallery,
Scene,Indoor,收藏室,collection room,
Scene,Indoor,陈列室,display room,
Scene,Indoor,兵器库,armory,
Scene,Indoor,档案馆阅览室,archives reading room,
Scene,Indoor,冷藏室,cold storage room,
Scene,Indoor,冷冻室,freezer room,
Scene,Indoor,零售店面,retail storefront,
Scene,Indoor,商场,shopping mall interior,
Scene,Indoor,百货公司,department store interior,
Scene,Indoor,专卖店,boutique,
Scene,Indoor,超市,supermarket,
Scene,Indoor,餐厅厨房,restaurant kitchen,
Scene,Indoor,快餐店,fast food restaurant,
Scene,Indoor,咖啡店,coffee shop,
Scene,Indoor,夜总会,nightclub,
Scene,Indoor,银行大厅,bank lobby,
Scene,Indoor,办公室大楼,office building interior,
Scene,Indoor,酒店大堂,hotel lobby,
Scene,Indoor,酒店房间,hotel room,
Scene,Indoor,会议中心,convention center,
Scene,Indoor,展览中心,exhibition center,
Scene,Indoor,购物中心,shopping center interior,
Scene,Indoor,电影院,movie theater,
Scene,Indoor,剧院,theater,
Scene,Indoor,美容院,beauty salon,
Scene,Indoor,理发店,hair salon,
Scene,Indoor,健身中心,fitness center,
Scene,Indoor,水疗中心,spa center,
Scene,Indoor,游泳池(室内),indoor swimming pool,
Scene,Indoor,保龄球馆,bowling alley,
Scene,Indoor,珠宝店,jewelry store,
Scene,Indoor,鞋店,shoe store,
Scene,Indoor,书店,bookstore,
Scene,Indoor,药店,pharmacy,
Scene,Indoor,眼镜店,opticians,
Scene,Indoor,花店,florist,
Scene,Indoor,面包房,bakery,
Scene,Indoor,糖果店,candy store,
Scene,Indoor,玩具店,toy store,
Scene,Indoor,服装店,clothing store,
Scene,Indoor,电子产品商店,electronics store,
Scene,Indoor,家具店,furniture store,
Scene,Indoor,家居用品店,home goods store,
Scene,Indoor,古董店,antique store,
Scene,Indoor,工艺品店,craft store,
Scene,Indoor,礼品店,gift shop,
Scene,Indoor,车行展厅,car showroom,
Scene,Indoor,汽车修理厂,auto repair shop,
Scene,Indoor,美甲沙龙,nail salon,
Scene,Indoor,水疗馆,day spa,
Scene,Indoor,按摩诊所,massage clinic,
Scene,Indoor,牙科诊所,dental clinic,
Scene,Indoor,医疗诊所,medical clinic,
Scene,Indoor,兽医诊所,veterinary clinic,
Scene,Indoor,律师事务所,law office,
Scene,Indoor,会计师事务所,accountants office,
Scene,Indoor,房地产中介,real estate agency,
Scene,Indoor,旅行社,travel agency,
Object,Furniture,家具,bedroom,
Object,Furniture,榻榻米,tatami,
Object,Furniture,床,bed,
Object,Furniture,沙发,couch,
Object,Furniture,被炉,kotatsu,
Object,Furniture,壁炉,fireplace,
Object,Furniture,窗,window,
Object,Furniture,窗扇,sash,
Object,Furniture,窗帘,curtains,
Object,Furniture,门,door,
Object,Furniture,推拉门,sliding_doors,
Object,Furniture,衣架,clothes_rack,
Object,Furniture,桌子,table,
Object,Furniture,课桌,school_desk,
Object,Furniture,椅子,chair,
Object,Furniture,扶手椅,armchair,
Object,Furniture,躺椅,lounge_chair,
Object,Furniture,沙滩椅,beach_chair,
Object,Furniture,折叠椅,folding_chair,
Object,Furniture,隐形椅子,invisible_chair,
Object,Furniture,办公椅,office_chair,
Object,Furniture,轮椅,wheelchair,
Object,Furniture,书桌,desk,
Object,Furniture,书柜,bookcase,
Object,Furniture,衣柜,wardrobe,
Object,Furniture,梳妆台,dressing_table,
Object,Furniture,床头柜,nightstand,
Object,Furniture,茶几,coffee_table,
Object,Furniture,电视柜,TV_stand,
Object,Furniture,餐桌,dining_table,
Object,Furniture,餐椅,dining_chair,
Object,Furniture,橱柜,cabinet,
Object,Furniture,鞋柜,shoe_cabinet,
Object,Furniture,书架,bookshelf,
Object,Furniture,搁架,shelf,
Object,Furniture,壁橱,closet,
Object,Furniture,镜子,mirror,
Object,Furniture,画框,picture_frame,
Object,Furniture,地毯,carpet,
Object,Furniture,窗帘杆,curtain_rod,
Object,Furniture,灯,lamp,
Object,Furniture,吊灯,chandelier,
Object,Furniture,台灯,table_lamp,
Object,Furniture,落地灯,floor_lamp,
Object,Furniture,壁灯,wall_lamp,
Object,Furniture,装饰品,ornament,
Object,Furniture,植物,plant,
Object,Furniture,屏风,screen,
Object,Furniture,写字台,writing_desk,
Object,Furniture,电脑桌,computer_desk,
Object,Furniture,游戏桌,gaming_desk,
Object,Furniture,吧台,bar_counter,
Object,Furniture,吧凳,bar_stool,
Object,Furniture,梳妆镜,vanity_mirror,
Object,Furniture,衣帽架,coat_rack,
Object,Furniture,鞋架,shoe_rack,
Object,Furniture,置物架,storage_shelf,
Object,Furniture,壁挂架,wall_mounted_shelf,
Object,Furniture,抽屉柜,chest_of_drawers,
Object,Furniture,文件柜,filing_cabinet,
Object,Furniture,日本床垫,futon,
Object,Furniture,坐垫,cushion,
Object,Furniture,床垫,mattress,
Object,Furniture,床单,bedsheet,
Object,Furniture,枕头,pillow,
Object,Furniture,被子,quilt,
Object,Furniture,窗纱,lace_curtain,
Object,Furniture,窗格,window_pane,
Object,Furniture,百叶窗,blinds,
Object,Furniture,罗马帘,roman_shade,
Object,Furniture,卷帘,roller_blind,
Object,Furniture,门帘,door_curtain,
Object,Furniture,踏脚凳,footstool,
Object,Furniture,奥斯曼凳,ottoman,
Object,Furniture,浴室柜,bathroom_cabinet,
Object,Furniture,浴缸,bathtub,
Object,Furniture,淋浴房,shower_stall,
Object,Furniture,马桶,toilet,
Object,Furniture,蹲便器,squat_toilet,
Object,Furniture,毛巾架,towel_rack,
Object,Furniture,皂液器,soap_dish,
Object,Furniture,牙刷架,toothbrush_holder,
Object,Furniture,厨房橱柜,kitchen_cabinet,
Object,Furniture,厨房水槽,kitchen_sink,
Object,Furniture,厨房台面,kitchen_countertop,
Object,Furniture,餐边柜,sideboard,
Object,Furniture,灶台,cooktop,
Object,Furniture,餐具柜,cutlery_tray,
Object,Furniture,垃圾桶,trash_can,
Object,Furniture,调味架,spice_rack,
Object,Appliance,空调,air_conditioner,
Object,Appliance,冰箱,refrigerator,
Object,Appliance,洗衣机,washing_machine,
Object,Appliance,烘干机,dryer,
Object,Appliance,电视机,television,
Object,Appliance,微波炉,microwave,
Object,Appliance,烤箱,oven,
Object,Appliance,洗碗机,dishwasher,
Object,Appliance,吸尘器,vacuum_cleaner,
Object,Appliance,电风扇,electric_fan,
Object,Appliance,电热水器,water_heater,
Object,Appliance,电饭煲,rice_cooker,
Object,Appliance,电磁炉,induction_cooker,
Object,Appliance,电热水壶,electric_kettle,
Object,Appliance,咖啡机,coffee_maker,
Object,Appliance,榨汁机,juicer,
Object,Appliance,面包机,bread_maker,
Object,Appliance,搅拌机,blender,
Object,Appliance,电吹风,hair_dryer,
Object,Appliance,熨斗,iron,
Object,Appliance,吸尘器,vacuum_cleaner,
Object,Appliance,扫地机器人,robot_vacuum,
Object,Appliance,空气净化器,air_purifier,
Object,Appliance,除湿机,dehumidifier,
Object,Appliance,加湿器,humidifier,
Object,Appliance,音响,stereo,
Object,Appliance,电磁炉,induction_cooker,
Object,Appliance,燃气灶,gas_stove,
Object,Appliance,电饭锅,electric_rice_cooker,
Object,Appliance,电烤箱,electric_oven,
Object,Appliance,燃气热水器,gas_water_heater,
Object,Appliance,净水器,water_purifier,
Object,Appliance,饮水机,water_dispenser,
Object,Appliance,豆浆机,soy_milk_maker,
Object,Appliance,电压力锅,electric_pressure_cooker,
Object,Appliance,慢炖锅,slow_cooker,
Object,Appliance,电炸锅,air_fryer,
Object,Appliance,电热毯,electric_blanket,
Object,Appliance,电暖器,electric_heater,
Object,Appliance,空调扇,air_cooler,
Object,Appliance,电暖桌,electric_kotatsu,
Object,Appliance,扫地机器人,robot_vacuum_cleaner,
Object,Appliance,擦窗机器人,window_cleaning_robot,
Object,Appliance,洗地机,floor_cleaning_machine,
Object,Appliance,消毒柜,disinfection_cabinet,
Object,Appliance,洗菜机,vegetable_washer,
Object,Appliance,破壁机,high-speed_blender,
Object,Appliance,电熨斗,electric_iron,
Object,Appliance,挂烫机,garment_steamer,
Object,Appliance,电吹风机,hair_dryer,
Object,Digital,智能门锁,smart_door_lock,
Object,Digital,智能摄像头,smart_camera,
Object,Digital,智能音箱,smart_speaker,
Object,Digital,智能电视,smart_TV,
Object,Digital,网络机顶盒,network_set_top_box,
Object,Digital,游戏机,game_console,
Object,Digital,路由器,router,
Object,Digital,交换机,switch,
Object,Digital,电脑,computer,
Object,Digital,手机,cellphone,
Object,Digital,智能手机,Smartphones,
Object,Digital,掌上游戏机,handheld_game_console_,
Object,Digital,任天堂3ds,nintendo_3ds,
Object,Digital,任天堂ds,nintendo_ds,
Object,Digital,任天堂switch,nintendo_switch,
Object,Digital,数码相机,digital_camera,
Object,Digital,单反相机,DSLR_camera,
Object,Digital,微单相机,mirrorless_camera,
Object,Digital,摄像机,camcorder,
Object,Digital,运动相机,action_camera,
Object,Digital,无人机,drone,
Object,Digital,智能手表,smartwatch,
Object,Digital,智能手环,smartband,
Object,Digital,耳机,headphones,
Object,Digital,耳塞,earbuds,
Object,Digital,蓝牙耳机,bluetooth_headphones,
Object,Digital,可穿戴设备,wearable_device,
Object,Digital,无线耳机,wireless_earphones,
Object,Digital,蓝牙音箱,bluetooth_speaker,
Object,Digital,音箱,speaker,
Object,Digital,便携式音箱,portable_speaker,
Object,Digital,MP3播放器,MP3_player,
Object,Digital,电子书阅读器,e-reader,
Object,Digital,平板电脑,tablet,
Object,Digital,笔记本电脑,laptop,
Object,Digital,台式电脑,desktop_computer,
Object,Digital,显示器,monitor,
Object,Digital,投影仪,projector,
Object,Digital,键盘,keyboard,
Object,Digital,鼠标,mouse,
Object,Digital,U盘,USB_flash_drive,
Object,Digital,移动硬盘,portable_hard_drive,
Object,Digital,SD卡,SD_card,
Object,Digital,充电宝,power_bank,
Object,Digital,智能家居中控,smart_home_hub,
Object,Digital,VR眼镜,VR_headset,
Object,Digital,AR眼镜,AR_glasses,
Object,Digital,游戏手柄,game_controller,
Object,Digital,游戏机手柄,game_controller,
Object,Digital,鼠标垫,mousepad,
Object,Digital,键盘膜,keyboard_skin,
Object,Digital,电脑包,laptop_bag,
Object,Digital,手机壳,phone_case,
Object,Digital,手机支架,phone_holder,
Object,Digital,手机镜头,phone_lens,
Object,Digital,自拍杆,selfie_stick,
Object,Digital,三脚架,tripod,
Object,Digital,读卡器,card_reader,
Object,Digital,数据线,data_cable,
Object,Digital,充电器,charger,
Object,Digital,电源适配器,power_adapter,
Object,Digital,蓝牙适配器,bluetooth_adapter,
Object,Digital,无线网卡,wireless_network_adapter,
Object,Digital,网络摄像头,webcam,
Object,Digital,麦克风,microphone,
Object,Digital,耳机放大器,headphone_amplifier,
Object,Digital,低音炮,subwoofer,
Object,Digital,录音笔,voice_recorder,
Object,Digital,GPS导航仪,GPS_navigator,
Object,Digital,电子词典,electronic_dictionary,
Object,Digital,计算器,calculator,
Object,Digital,电子秤,electronic_scale,
Object,Digital,智能家居中控面板,smart_home_control_panel,
Object,Digital,智能插座,smart_plug,
Object,Digital,智能灯泡,smart_light_bulb,
Object,Digital,智能锁,smart_lock,
Object,Digital,智能门铃,smart_doorbell,
Object,Digital,智能恒温器,smart_thermostat,
Object,Digital,电子相册,digital_photo_frame,
Object,Digital,便携式投影仪,portable_projector,
Object,Digital,智能眼镜,smart_glasses,
Object,Digital,智能翻译机,smart_translator,
Object,Digital,电子万年历,electronic_calendar,
Object,Digital,电源线,power_lines,
Object,Digital,电缆,cable,
Object,Tableware,锅,pot,
Object,Tableware,茶壶,teapot,
Object,Tableware,长柄勺,ladle,
Object,Tableware,罐子,can,
Object,Tableware,罐装饮料,soda_can,
Object,Tableware,杯子,cup,
Object,Tableware,盘子,plate,
Object,Tableware,托盘,tray,
Object,Tableware,碗,bowl,
Object,Tableware,叉子,fork,
Object,Tableware,筷子,chopsticks,
Object,Tableware,勺子,spoon,
Object,Tableware,水杯,drinking_glass,
Object,Tableware,普通玻璃杯,tumbler,
Object,Tableware,啤酒杯,beer_mug,
Object,Tableware,礼物盒,gift_box,
Object,Tableware,心形状的礼盒,heart-shaped_box,
Object,Tableware,蜡烛,candle,
Object,Tableware,餐刀,knife,
Object,Tableware,汤勺,soup spoon,
Object,Tableware,沙拉碗,salad bowl,
Object,Tableware,餐巾,napkin,
Object,Tableware,桌布,tablecloth,
Object,Tableware,餐垫,placemat,
Object,Tableware,调味瓶,cruet,
Object,Tableware,胡椒研磨器,pepper mill,
Object,Tableware,盐罐,salt shaker,
Object,Tableware,糖罐,sugar bowl,
Object,Tableware,茶杯,tea cup,
Object,Tableware,咖啡杯,coffee cup,
Object,Tableware,马克杯,mug,
Object,Tableware,酒杯,wine glass,
Object,Tableware,香槟杯,champagne flute,
Object,Tableware,盘,dish,
Object,Tableware,碟,saucer,
Object,Tableware,烤盘,baking dish,
Object,Tableware,平底锅,frying pan,
Object,Tableware,汤锅,stockpot,
Object,Tableware,高压锅,pressure cooker,
Object,Tableware,漏勺,colander,
Object,Tableware,滤网,sieve,
Object,Tableware,打蛋器,whisk,
Object,Tableware,刮刀,spatula,
Object,Tableware,开瓶器,bottle opener,
Object,Tableware,砧板,cutting board,
Object,Tableware,厨刀,kitchen knife,
Object,Tableware,菜刀,cleaver,
Object,Tableware,面包刀,bread knife,
Object,Tableware,黄油刀,butter knife,
Object,Tableware,甜点叉,dessert fork,
Object,Tableware,甜点勺,dessert spoon,
Object,Tableware,冰激凌勺,ice cream scoop,
Object,Tableware,蛋糕铲,cake server,
Object,Tableware,派铲,pie server,
Object,Tableware,咖啡壶,coffee pot,
Object,Tableware,茶壶,tea kettle,
Object,Tableware,水壶,kettle,
Object,Tableware,量杯,measuring cup,
Object,Tableware,量勺,measuring spoon,
Object,Tableware,擀面杖,rolling pin,
Object,Tableware,研钵,mortar,
Object,Tableware,研杵,pestle,
Object,Tableware,漏斗,funnel,
Object,Tableware,削皮器,peeler,
Object,Tableware,开罐器,can opener,
Object,Tableware,隔热垫,trivet,
Object,Tableware,锅垫,pot holder,
Object,Tableware,托盘,serving tray,
Object,Tableware,沙拉钳,salad tongs,
Object,Tableware,食物夹,serving tongs,
Object,Tableware,肉叉,meat fork,
Object,Tableware,鱼刀,fish knife,
Object,Tableware,汤碗,soup tureen,
Object,Tableware,沙拉盆,salad bowl,
Object,Tableware,水果盘,fruit bowl,
Object,Tableware,糖果盘,candy dish,
Object,Tableware,奶酪刀,cheese knife,
Object,Tableware,黄油碟,butter dish,
Object,Tableware,果酱罐,jam jar,
Object,Tableware,蜂蜜罐,honey pot,
Object,Tableware,牙签,toothpick,
Object,Tableware,餐巾环,napkin ring,
Object,Tableware,烛台,candlestick,
Object,Tableware,冰桶,ice bucket,
Object,Tableware,葡萄酒醒酒器,wine decanter,
Object,Tableware,鸡尾酒调酒器,cocktail shaker,
Object,Tableware,公用汤勺,serving spoon,
Object,Tableware,意大利面勺,spaghetti server,
Object,Tableware,捞面勺, slotted spoon,
Object,Tableware,煎铲,turner,
Object,Tableware,鱼铲,fish spatula,
Object,Tableware,汤锅,soup pot,
Object,Tableware,炖锅,stew pot,
Object,Tableware,砂锅,casserole dish,
Object,Tableware,烤盘,roasting pan,
Object,Tableware,饼干烤盘,cookie sheet,
Object,Tableware,松饼烤盘,muffin tin,
Object,Tableware,蛋糕模具,cake pan,
Object,Tableware,面包盘,loaf pan,
Object,Tableware,派盘,pie plate,
Object,Tableware,比萨盘,pizza pan,
Object,Tableware,蛋奶酥烤盘,ramekin,
Object,Tableware,烤肉架,grill pan,
Object,Tableware,煎锅,skillet,
Object,Tableware,炒锅,wok,
Object,Instrument,吉他,guitar,
Object,Instrument,钢琴,piano,
Object,Instrument,大提琴,cello,
Object,Instrument,风铃,wind_chime,
Object,Instrument,小提琴,violin,
Object,Instrument,中提琴,viola,
Object,Instrument,低音提琴,double bass,
Object,Instrument,长笛,flute,
Object,Instrument,单簧管,clarinet,
Object,Instrument,双簧管,oboe,
Object,Instrument,巴松管,bassoon,
Object,Instrument,萨克斯风,saxophone,
Object,Instrument,小号,trumpet,
Object,Instrument,长号,trombone,
Object,Instrument,圆号,French horn,
Object,Instrument,大号,tuba,
Object,Instrument,竖琴,harp,
Object,Instrument,手风琴,accordion,
Object,Instrument,口琴,harmonica,
Object,Instrument,鼓,drum,
Object,Instrument,架子鼓,drum kit,
Object,Instrument,木琴,xylophone,
Object,Instrument,马林巴,marimba,
Object,Instrument,锣,gong,
Object,Instrument,钹,cymbal,
Object,Instrument,三角铁,triangle,
Object,Instrument,定音鼓,timpani,
Object,Instrument,琵琶,pipa (Chinese lute),
Object,Instrument,古筝,guzheng (Chinese zither),
Object,Instrument,二胡,erhu (Chinese two-stringed fiddle),
Object,Instrument,笛子,dizi (Chinese flute),
Object,Instrument,唢呐,suona,
Object,Instrument,尺八,shakuhachi (Japanese flute),
Object,Instrument,三味线,shamisen (Japanese three-stringed lute),
Object,Instrument,筝,koto (Japanese zither),
Object,Instrument,西塔琴,sitar,
Object,Instrument,手鼓,tambourine,
Object,Instrument,邦戈鼓,bongo drums,
Object,Instrument,康加鼓,conga drums,
Object,Instrument,曼陀林,mandolin,
Object,Instrument,班卓琴,banjo,
Object,Instrument,尤克里里,ukulele,
Object,Instrument,巴扬琴,bayan (a type of accordion),
Object,Instrument,卡祖笛,kazoo,
Object,Instrument,口风琴,melodica,
Object,Instrument,陶笛,ocarina,
Object,Instrument,埙,xun (Chinese ocarina),
Object,Instrument,排箫,panpipes,
Object,Instrument,竖笛,recorder,
Object,Instrument,钢片琴,celesta,
Object,Instrument,钟琴,glockenspiel,
Object,Instrument,颤音琴,vibraphone,
Object,Instrument,管风琴,pipe organ,
Object,Instrument,电子琴,electronic keyboard,
Object,Instrument,电吉他,electric guitar,
Object,Instrument,电贝司,electric bass,
Object,Instrument,合成器,synthesizer,
Object,Instrument,音序器,sequencer,
Object,Instrument,采样器,sampler,
Object,Instrument,鼓机,drum machine,
Object,Instrument,特雷门琴,theremin,
Object,Instrument,锯琴,musical saw,
Object,Instrument,玻璃琴,glass harmonica,
Object,Instrument,古钢琴,harpsichord,
Object,Instrument,维奥尔琴,viol (a family of bowed stringed instruments),
Object,Instrument,琉特琴,lute,
Object,Instrument,西塔尔琴,sitar (Indian lute),
Object,Instrument,塔布拉鼓,tabla (Indian drums),
Object,Instrument,编钟,bianzhong (Chinese bell chimes),
Object,ColdWeapon,背上的武器,weapon_on_back,
Object,ColdWeapon,肩上的武器,weapon_over_shoulder,
Object,ColdWeapon,大尺寸武器,huge_weapon,
Object,ColdWeapon,往地上插的武器,planted_weapon,
Object,ColdWeapon,破碎的武器,broken_weapon,
Object,ColdWeapon,立剑,planted_sword,
Object,ColdWeapon,出鞘,unsheathing,
Object,ColdWeapon,剑,sword,
Object,ColdWeapon,刀,knife,
Object,ColdWeapon,匕首,dagger,
Object,ColdWeapon,短剑,shortsword,
Object,ColdWeapon,弯刀,scimitar,
Object,ColdWeapon,大刀,broadsword,
Object,ColdWeapon,长剑,longsword,
Object,ColdWeapon,双手剑,greatsword/claymore,
Object,ColdWeapon,武士刀,katana,
Object,ColdWeapon,太刀,tachi,
Object,ColdWeapon,脇差,wakizashi,
Object,ColdWeapon,短刀,tanto,
Object,ColdWeapon,军刀,saber,
Object,ColdWeapon,砍刀,machete,
Object,ColdWeapon,斧头,axe,
Object,ColdWeapon,战斧,battle axe,
Object,ColdWeapon,手斧,hand axe,
Object,ColdWeapon,短斧,hatchet,
Object,ColdWeapon,战锤,war hammer,
Object,ColdWeapon,钉锤,mace,
Object,ColdWeapon,连枷,flail,
Object,ColdWeapon,流星锤,meteor hammer,
Object,ColdWeapon,矛,spear,
Object,ColdWeapon,长矛,lance,
Object,ColdWeapon,戟,halberd,
Object,ColdWeapon,三叉戟,trident,
Object,ColdWeapon,弓,bow,
Object,ColdWeapon,箭,arrow,
Object,ColdWeapon,弩,crossbow,
Object,ColdWeapon,弩箭,bolt/quarrel,
Object,ColdWeapon,投石索,sling,
Object,ColdWeapon,飞镖,dart,
Object,ColdWeapon,手里剑,shuriken,
Object,ColdWeapon,苦无,kunai,
Object,ColdWeapon,吹箭,blowgun,
Object,ColdWeapon,标枪,javelin,
Object,ColdWeapon,狼牙棒,club/bludgeon,
Object,ColdWeapon,棍,staff/stick,
Object,ColdWeapon,拐,cane,
Object,ColdWeapon,镰刀,scythe,
Object,ColdWeapon,柴刀,billhook/nose_hatchet,
Object,ColdWeapon,钩镰枪,kama,
Object,ColdWeapon,双刃斧,double-bitted axe,
Object,ColdWeapon,飞斧,throwing axe,
Object,ColdWeapon,战镐,war pick,
Object,ColdWeapon,鹤嘴锄,pickaxe,
Object,ColdWeapon,鞭,whip,
Object,ColdWeapon,链锤,chain whip,
Object,ColdWeapon,爪,claw (weapon),
Object,ColdWeapon,拳剑,katar,
Object,ColdWeapon,圆月弯刀,chakram,
Object,ColdWeapon,马来剑,kris,
Object,ColdWeapon,廓尔喀弯刀,kukri,
Object,ColdWeapon,中国剑,jian,
Object,ColdWeapon,盾牌,shield,
Object,Firearm,枪,gun,
Object,Firearm,子弹,Bullet,
Object,Firearm,弹壳,Cartridge Case/Casing,
Object,Firearm,底火,Primer,
Object,Firearm,发射药,Propellant/Gunpowder,
Object,Firearm,弹头,Projectile/Bullet,
Object,Firearm,空包弹,Blank Cartridge,
Object,Firearm,曳光弹,Tracer Round,
Object,Firearm,穿甲弹,Armor-Piercing Round (AP),
Object,Firearm,燃烧弹,Incendiary Round,
Object,Firearm,爆破弹,Explosive Round,
Object,Firearm,霰弹,Shotgun Shell,
Object,Firearm,鹿弹,Buckshot,
Object,Firearm,鸟弹,Birdshot,
Object,Firearm,橡胶子弹,Rubber Bullet,
Object,Firearm,豆袋弹,Beanbag Round,
Object,Firearm,步枪,rifle,
Object,Firearm,手枪,Pistol,
Object,Firearm,左轮手枪,Revolver,
Object,Firearm,冲锋枪,Submachine Gun,
Object,Firearm,汤普森冲锋枪,thompson_submachine_gun,
Object,Firearm,突击步枪,Assault Rifle,
Object,Firearm,卡宾枪,Carbine,
Object,Firearm,战斗步枪,Battle Rifle,
Object,Firearm,精确射手步枪,Designated Marksman Rifle (DMR),
Object,Firearm,狙击步枪,Sniper Rifle,
Object,Firearm,霰弹枪,Shotgun,
Object,Firearm,轻机枪,Light Machine Gun (LMG),
Object,Firearm,通用机枪,General Purpose Machine Gun (GPMG),
Object,Firearm,重机枪,Heavy Machine Gun (HMG),
Object,Firearm,榴弹发射器,Grenade Launcher,
Object,Firearm,班用自动武器,Squad Automatic Weapon (SAW),
Object,Firearm,自动榴弹发射器,Automatic Grenade Launcher (AGL),
Object,Firearm,反器材步枪,Anti-materiel rifle,
Object,Firearm,匕首枪,Dagger pistol,
Object,Firearm,机匣,Receiver (Firearm),
Object,Firearm,消音器,Suppressor/Silencer,
Object,Firearm,枪口制退器,Muzzle brake,
Object,Firearm,弹匣(武器),magazine_(weapon),
Object,Firearm,手榴弹,Hand Grenade,
Object,Firearm,枪榴弹,Rifle Grenade,
Object,Firearm,地雷,Landmine,
Object,Firearm,反坦克地雷,Anti-Tank Mine,
Object,Firearm,反步兵地雷,Anti-Personnel Mine,
Object,Firearm,炸弹,Bomb,
Object,Firearm,集束炸弹,Cluster Bomb,
Object,Firearm,燃烧弹,Incendiary Bomb,
Object,Firearm,核武器,Nuclear Weapon,
Object,Firearm,迫击炮,Mortar,
Object,Firearm,榴弹炮,Howitzer,
Object,Firearm,加农炮,Cannon,
Object,Firearm,高射炮,Anti-Aircraft Gun,
Object,Firearm,火箭筒,Rocket-Propelled Grenade (RPG),
Object,Firearm,无后坐力炮,Recoilless rifle,
Object,Firearm,反坦克火箭筒,Anti-tank rocket launcher,
Object,Firearm,磁力地雷,Magnetic mine,
Object,Firearm,自行火炮,Self-propelled artillery,
Object,Firearm,火箭炮,Multiple Rocket Launcher (MRL),
Object,Firearm,迫击炮弹,Mortar bomb/shell,
Object,Firearm,反坦克导弹,Anti-Tank Guided Missile (ATGM),
Object,Firearm,地对空导弹,Surface-to-Air Missile (SAM),
Object,Firearm,空对空导弹,Air-to-Air Missile (AAM),
Object,Firearm,巡航导弹,Cruise Missile,
Object,Firearm,弹道导弹,Ballistic Missile,
Object,Firearm,反舰导弹,Anti-ship missile,
Object,Firearm,洲际弹道导弹,Intercontinental Ballistic Missile (ICBM),
Object,Firearm,潜射弹道导弹,Submarine-launched ballistic missile (SLBM),
Object,Firearm,电磁炮,Railgun,
Object,Firearm,定向能武器,Directed-energy weapon (DEW),
Object,Firearm,激光武器,Laser weapon,
Object,Firearm,火焰喷射器,Flamethrower,
Object,Firearm,燃烧瓶,Molotov cocktail,
Object,Firearm,简易爆炸装置,Improvised Explosive Device (IED),
Object,Firearm,地雷,Mine,
Object,Firearm,毒气,Poison gas,
Object,Platform,坦克,Tank,
Object,Platform,装甲运兵车,Armored Personnel Carrier (APC),
Object,Platform,步兵战车,Infantry Fighting Vehicle (IFV),
Object,Platform,自行火炮,Self-Propelled Artillery,
Object,Platform,自行高射炮,Self-Propelled Anti-Aircraft Gun (SPAAG),
Object,Platform,多管火箭发射器,Multiple Rocket Launcher (MRL),
Object,Platform,战术卡车,Tactical Truck,
Object,Platform,吉普车,Jeep,
Object,Platform,摩托车,Motorcycle,
Object,Platform,装甲抢救车,Armored Recovery Vehicle (ARV),
Object,Platform,架桥坦克,Bridgelayer Tank,
Object,Platform,地雷清除车,Mine-Clearing Vehicle,
Object,Platform,移动指挥所,Mobile Command Post,
Object,Platform,自行迫击炮,Self-Propelled Mortar,
Object,Platform,反坦克导弹发射车,Anti-Tank Guided Missile Vehicle (ATGMV),
Object,Platform,无人地面车辆,Unmanned Ground Vehicle (UGV),
Object,Platform,航空母舰,Aircraft Carrier,
Object,Platform,战列舰,Battleship (largely obsolete),
Object,Platform,巡洋舰,Cruiser,
Object,Platform,驱逐舰,Destroyer,
Object,Platform,护卫舰,Frigate,
Object,Platform,轻型护卫舰,Corvette,
Object,Platform,潜艇,Submarine,
Object,Platform,两栖攻击舰,Amphibious Assault Ship,
Object,Platform,巡逻艇,Patrol Boat,
Object,Platform,扫雷舰,Minesweeper,
Object,Platform,快速攻击艇,Fast Attack Craft,
Object,Platform,登陆艇,Landing Craft,
Object,Platform,运输船坞,Transport Dock,
Object,Platform,无人水面舰艇,Unmanned Surface Vehicle (USV),
Object,Platform,战斗机,Fighter Aircraft,
Object,Platform,轰炸机,Bomber,
Object,Platform,攻击机,Attack Aircraft,
Object,Platform,直升机,Helicopter,
Object,Platform,无人机,Unmanned Aerial Vehicle (UAV)/Drone,
Object,Platform,预警机,Airborne Early Warning and Control (AEW&C) aircraft,
Object,Platform,电子战飞机,Electronic Warfare Aircraft,
Object,Platform,加油机,Tanker Aircraft,
Object,Platform,运输机,Transport Aircraft,
Object,Platform,侦察机,Reconnaissance Aircraft,
Object,Platform,武装直升机,Attack Helicopter,
Object,Platform,运输直升机,Transport Helicopter,
Object,Platform,轨道武器平台,Orbital Weapon Platform (theoretical),
Object,Platform,定向能武器平台,Directed-Energy Weapon Platform,
Object,Food,食物,food,
Object,Food,嘴里有食物,food_in_mouth,
Object,Food,脸上有食物,food_on_face,
Object,Food,身体上有食物,food_on_body,
Object,Food,食物印花,food_print,
Object,Food,食品摊,food_stand,
Object,Food,(角色)在食物里,in_food,
Object,Food,寿司卷,A_sushi_roll,
Object,Food,苹果,apple,
Object,Food,茄子,aubergine,
Object,Food,汉堡,burger,
Object,Food,蛋糕,cake,
Object,Food,糖果,candy,
Object,Food,苹果糖,candy_apple,
Object,Food,棒棒糖,candy_cane,
Object,Food,胡萝卜,carrot,
Object,Food,香烟,cigarette,
Object,Food,咖啡,coffee,
Object,Food,饼干,cookie,
Object,Food,棉花糖,cotton_candy,
Object,Food,奶油,cream,
Object,Food,团子,dango,
Object,Food,甜甜圈,doughnut,
Object,Food,饮料,drink,
Object,Food,鸡蛋,egg,
Object,Food,水果,fruit,
Object,Food,明胶,Gelatin,
Object,Food,冰激凌,ice_cream,
Object,Food,卡夫奇诺,kafuu_chino,
Object,Food,海苔卷寿司,makizushi,
Object,Food,肉,meat,
Object,Food,面条,noodles,
Object,Food,便当,obento,
Object,Food,饭团,onigiri,
Object,Food,鬆餅,pancake,
Object,Food,馅饼,pasties,
Object,Food,桃子,peach,
Object,Food,拉面,ramen,
Object,Food,日本清酒,sake,
Object,Food,鲷鱼烧,taiyaki,
Object,Food,茶,tea,
Object,Food,茶杯,teacup,
Object,Food,和果子,wagashi,
Object,Food,葡萄酒,wine,
Object,Food,果酱,jam,
Object,Food,百奇,pocky,
Object,Food,瓶裝水,bottled_water,
Object,Food,甘薯,sweet_potato,
Object,Food,糖果,sweets,
Object,Food,薯片,chips,
Object,Food,薯片,potato_chips,
Object,Food,圣代,sundae,
Object,Food,天妇罗,tempura,
Object,Food,面包,bread,
Object,Food,米饭,rice,
Object,Food,奶酪,cheese,
Object,Food,牛奶,milk,
Object,Food,酸奶,yogurt,
Object,Food,黄油,butter,
Object,Food,冰淇淋,ice_cream,
Object,Food,巧克力,chocolate,
Object,Food,蜂蜜,honey,
Object,Food,糖,sugar,
Object,Food,盐,salt,
Object,Food,胡椒,pepper,
Object,Food,香料,spice,
Object,Food,酱油,soy_sauce,
Object,Food,醋,vinegar,
Object,Food,油,oil,
Object,Food,沙拉,salad,
Object,Food,汤,soup,
Object,Food,三明治,sandwich,
Object,Food,披萨,pizza,
Object,Food,热狗,hotdog,
Object,Food,鸡肉,chicken,
Object,Food,牛肉,beef,
Object,Food,猪肉,pork,
Object,Food,鱼,fish,
Object,Food,虾,shrimp,
Object,Food,蔬菜,vegetables,
Object,Food,西兰花,broccoli,
Object,Food,番茄,tomato,
Object,Food,洋葱,onion,
Object,Food,大蒜,garlic,
Object,Food,土豆,potato,
Object,Food,蘑菇,mushroom,
Object,Food,玉米,corn,
Object,Food,香蕉,banana,
Object,Food,橙子,orange,
Object,Food,葡萄,grape,
Object,Food,草莓,strawberry,
Object,Food,蓝莓,blueberry,
Object,Food,西瓜,watermelon,
Object,Food,菠萝,pineapple,
Object,Food,芒果,mango,
Object,Food,椰子,coconut,
Object,Food,坚果,nuts,
Object,Food,杏仁,almond,
Object,Food,核桃,walnut,
Object,Food,花生,peanut,
Object,Food,爆米花,popcorn,
Object,Food,饼干,cracker,
Object,Food,椒盐脆饼,pretzel,
Object,Food,布丁,pudding,
Object,Food,果冻,jelly,
Object,Food,果汁,juice,
Object,Food,苏打水,soda,
Object,Food,啤酒,beer,
Object,Food,燕麦,oatmeal,
Object,Food,谷物,cereal,
Object,Food,华夫饼,waffle,
Object,Food,煎饼,pancake,
Object,Food,法式吐司,french_toast,
Object,Food,培根,bacon,
Object,Food,香肠,sausage,
Object,Food,火腿,ham,
Object,Food,蛋卷,omelet,
Object,Food,牛排,steak,
Object,Food,排骨,ribs,
Object,Food,鸡翅,chicken_wings,
Object,Food,金枪鱼,tuna,
Object,Food,鲑鱼,salmon,
Object,Food,寿司,sushi,
Object,Food,生鱼片,sashimi,
Object,Food,饺子,dumpling,
Object,Food,春卷,spring_roll,
Object,Food,咖喱,curry,
Object,Food,豆腐,tofu,
Object,Food,味噌,miso,
Object,Food,泡菜,kimchi,
Object,Food,鹰嘴豆泥,hummus,
Object,Food,鳄梨酱,guacamole,
Object,Food,沙拉酱,salad_dressing,
Object,Food,番茄酱,ketchup,
Object,Food,芥末,mustard,
Object,Food,蛋黄酱,mayonnaise,
Object,Food,酸奶油,sour_cream,
Object,Food,烤肉,barbecue,
Object,Food,烤鸡,roasted_chicken,
Object,Food,炸鸡,fried_chicken,
Object,Food,薯条,french_fries,
Object,Food,洋葱圈,onion_rings,
Object,Food,玉米片,nachos,
Object,Food,墨西哥卷饼,burrito,
Object,Food,炸玉米饼,taco,
Object,Food,奶昔,milkshake,
Object,Food,冰沙,smoothie,
Object,Food,柠檬水,lemonade,
Object,Food,冰茶,iced_tea,
Object,Food,热巧克力,hot_chocolate,
Object,Food,苹果派,apple_pie,
Object,Food,南瓜派,pumpkin_pie,
Object,Food,芝士蛋糕,cheesecake,
Object,Food,布朗尼,brownie,
Object,Food,曲奇,cookie,
Object,Food,玛芬,muffin,
Object,Food,甜甜圈,donut,
Object,Food,羊角面包,croissant,
Object,Animal,大象,elephant,
Object,Animal,长颈鹿,giraffe,
Object,Animal,猴子,monkey,
Object,Animal,猩猩,orangutan,
Object,Animal,大猩猩,gorilla,
Object,Animal,黑猩猩,chimpanzee,
Object,Animal,狮子,lion,
Object,Animal,豹,leopard,
Object,Animal,猎豹,cheetah,
Object,Animal,鹿,deer,
Object,Animal,羚羊,antelope,
Object,Animal,犀牛,rhinoceros,
Object,Animal,河马,hippopotamus,
Object,Animal,海豚,dolphin,
Object,Animal,海豹,seal,
Object,Animal,海狮,sea lion,
Object,Animal,海象,walrus,
Object,Animal,狼,wolf,
Object,Animal,鲸,whale,
Object,Animal,猫,cat,
Object,Animal,狗,dog,
Object,Animal,猪,pig,
Object,Animal,狐狸,fox,
Object,Animal,兔子,bunny,
Object,Animal,雪兔,snow_bunny,
Object,Animal,马,horse,
Object,Animal,牛,cow,
Object,Animal,熊,bear,
Object,Animal,熊猫,panda,
Object,Animal,老虎,tiger,
Object,Animal,蝙蝠,bat,
Object,Animal,仓鼠,hamster,
Object,Animal,老鼠,mouse,
Object,Animal,松鼠,squirrel,
Object,Animal,考拉,koala,
Object,Animal,袋鼠,kangaroo,
Object,Animal,鸭嘴兽,platypus,
Object,Animal,犰狳,armadillo,
Object,Animal,穿山甲,pangolin,
Object,Animal,野猪,boar,
Object,Animal,疣猪,warthog,
Object,Animal,水獭,otter,
Object,Animal,臭鼬,skunk,
Object,Animal,浣熊,raccoon,
Object,Animal,豪猪,porcupine,
Object,Animal,牦牛,yak,
Object,Animal,乌鸦,crow,
Object,Animal,企鹅,penguin,
Object,Animal,鸡,chicken,
Object,Animal,鹰,eagle,
Object,Animal,隼,falcon,
Object,Animal,猫头鹰,owl,
Object,Animal,啄木鸟,woodpecker,
Object,Animal,麻雀,sparrow,
Object,Animal,鸽子,pigeon,
Object,Animal,鸭,duck,
Object,Animal,鹅,goose,
Object,Animal,天鹅,swan,
Object,Animal,鹦鹉,parrot,
Object,Animal,蜂鸟,hummingbird,
Object,Animal,鸵鸟,ostrich,
Object,Animal,火烈鸟,flamingo,
Object,Animal,鹈鹕,pelican,
Object,Animal,鹤,crane,
Object,Animal,孔雀,peacock,
Object,Animal,鳄鱼,crocodile,
Object,Animal,短吻鳄,alligator,
Object,Animal,蜥蜴,lizard,
Object,Animal,龟,turtle,
Object,Animal,蛇,snake,
Object,Animal,变色龙,chameleon,
Object,Animal,科莫多巨蜥,komodo dragon,
Object,Animal,鬣蜥,iguana,
Object,Animal,眼镜蛇,cobra,
Object,Animal,蟒蛇,python,
Object,Animal,蟾蜍,toad,
Object,Animal,青蛙,frog,
Object,Animal,蝾螈,salamander,
Object,Animal,大鲵,giant salamander,
Object,Animal,鲨鱼,shark,
Object,Animal,金鱼,goldfish,
Object,Animal,鲑鱼,salmon,
Object,Animal,鳟鱼,trout,
Object,Animal,鲤鱼,carp,
Object,Animal,金枪鱼,tuna,
Object,Animal,鲶鱼,catfish,
Object,Animal,剑鱼,swordfish,
Object,Animal,鳗鱼,eel,
Object,Animal,比目鱼,flounder,
Object,Animal,蜻蜓,dragonfly,
Object,Animal,蚂蚁,ant,
Object,Animal,蜜蜂,bee,
Object,Animal,蝴蝶,butterfly,
Object,Animal,甲虫,beetle,
Object,Animal,蟑螂,cockroach,
Object,Animal,蚊子,mosquito,
Object,Animal,苍蝇,fly,
Object,Animal,蟋蟀,cricket,
Object,Animal,蚱蜢,grasshopper,
Object,Animal,螳螂,mantis,
Object,Animal,蜘蛛,spider,
Object,Animal,蝎子,scorpion,
Object,Animal,螨虫,mite,
Object,Animal,蜱,tick,
Object,Animal,螃蟹,crab,
Object,Animal,龙虾,lobster,
Object,Animal,虾,shrimp,
Object,Animal,藤壶,barnacle,
Object,Animal,磷虾,krill,
Object,Animal,龙,dragon,
Object,Animal,中国龙,loong,
Object,Animal,东方龙,eastern_dragon,
Object,Animal,凤凰,phoenix,
Object,Animal,独角兽,unicorn,
Object,Animal,狮鹫,griffin,
Object,Plant,植物,plant,
Object,Plant,花,flower,
Object,Plant,花束,bouquet,
Object,Plant,花盛开,flower_bloom,
Object,Plant,梅花,plum_blossom,
Object,Plant,樱花,cherry_blossoms,
Object,Plant,紫藤,wisteria,
Object,Plant,芙蓉花,hibiscus,
Object,Plant,绣球花,hydrangea,
Object,Plant,玫瑰,rose,
Object,Plant,彼岸花,spider_lily,
Object,Plant,百合花,lily,
Object,Plant,莲花,lotus,
Object,Plant,竹,bamboo,
Object,Plant,缠结型植物,entangled_plants,
Object,Plant,兰花,orchid,
Object,Plant,菊花,chrysanthemum,
Object,Plant,水仙,narcissu,
Object,Plant,树,tree,
Object,Plant,树枝,branch,
Object,Plant,森林,forest,
Object,Plant,松树,pine_tree,
Object,Plant,棕榈树,palm_tree,
Object,Plant,枫树,maple_tree,
Object,Plant,灌木,bush/shrub,
Object,Plant,圣诞树,christmas_tree,
Object,Plant,枫叶,maple_leaf,
Object,Plant,草,grass,
Object,Plant,叶子,leaf,
Object,Plant,藤蔓,vine,
Object,Plant,仙人掌,cactus,
Object,Plant,多肉植物,succulent,
Object,Plant,蕨类植物,fern,
Object,Plant,苔藓,moss,
Object,Plant,藻类,algae,
Object,Plant,海藻,seaweed,
Object,Plant,芦苇,reed,
Object,Plant,柳树,willow_tree,
Object,Plant,橡树,oak_tree,
Object,Plant,柏树,cypress_tree,
Object,Plant,桦树,birch_tree,
Object,Plant,云杉,spruce_tree,
Object,Plant,仙人球,cactus,
Object,Plant,常春藤,ivy,
Object,Plant,牵牛花,morning_glory,
Object,Plant,向日葵,sunflower,
Object,Plant,郁金香,tulip,
Object,Plant,蒲公英,dandelion,
Object,Plant,三叶草,clover,
Object,Plant,根,root,
Object,Plant,茎,stem,
Object,Plant,种子,seed,
Object,Plant,芽,bud,
Object,Plant,树皮,bark,
Object,Plant,树苗,sapling,
Object,Plant,荆棘,thorn,
Object,Plant,灌木丛,bush,
Object,Plant,草坪,lawn,
Object,Plant,草地,meadow,
Object,Plant,草原,prairie,
Object,Plant,沙漠植物,desert plant,
Object,Plant,水生植物,aquatic plant,
Object,Plant,雨林植物,rainforest plant,
Object,Plant,高山植物,alpine plant,
Object,Plant,食肉植物,carnivorous plant,
Object,Plant,攀缘植物,climbing plant,
Object,Plant,寄生植物,parasitic plant,
Object,Plant,空气植物,air plant,
Object,Plant,雏菊,daisy,
Object,Plant,丁香花,lilac,
Object,Plant,杜鹃花,azalea,
Object,Plant,栀子花,gardenia,
Object,Plant,山茶花,camellia,
Object,Plant,牡丹,peony,
Object,Plant,罂粟花,poppy,
Object,Plant,松木,pine,
Object,Plant,橡木,oak,
Object,Plant,柳条,willow,
Object,Plant,杉木,cedar,
Object,Other,笔记本,notebook,
Object,Other,画笔,paintbrush,
Object,Other,铅笔,pencil,
Object,Other,书,book,
Object,Other,翻开的书,open_book,
Object,Other,书摞,book_stack,
Object,Other,书架,bookshelf,
Object,Other,上学包,school_bag,
Object,Other,背包,backpack,
Object,Other,手表,wristwatch,
Object,Other,折扇,folding_fan,
Object,Other,纸扇,paper_fan,
Object,Other,团扇,uchiwa,
Object,Other,雨伞,umbrella,
Object,Other,透明雨伞,transparent_umbrella,
Object,Other,封闭伞,closed_umbrella,
Object,Other,油纸伞,oil-paper_umbrella,
Object,Other,遮阳伞,Parasol,
Object,Other,篮子,basket,
Object,Other,花束,bouquet,
Object,Other,桶,bucket,
Object,Other,桶,pail,
Object,Other,相机,camera,
Object,Other,御币(驱邪布条),gohei,
Object,Other,灯笼,lantern/lamp,
Object,Other,鞭,whip,
Object,Other,马鞭,riding_crop,
Object,Other,札符,ofuda,
Object,Other,手杖,cane,
Object,Other,魔杖,wand,
Object,Other,魔术,magic,
Object,Other,交易卡,trading_card,
Object,Other,扑克牌,playing_card,
Object,Other,磁带盒,Cassette,
Object,Other,棋子,chess_piece,
Object,Other,硬币,coin,
Object,Other,铜币,copper,
Object,Other,锤子,hammer,
Object,Other,麦克风,microphone,
Object,Other,掏耳勺,mimikaki,
Object,Other,麻袋,sack,
Object,Other,秤,scales,
Object,Other,赤壁插图,chibi_inset,
Object,Other,损坏,damaged,
Object,Other,钻石(形状),diamond_(shape),
Object,Other,葫芦,gourd,
Object,Other,拿着礼物,holding_gift,
Object,Other,入口,inlet,
Object,Other,钥匙,key,
Object,Other,皮带,leash,
Object,Other,杠杆,Lever,
Object,Other,分子,molecule,
Object,Other,钱,money,
Object,Other,画作(物品),Painting_(Object),
Object,Other,照片(物体),photo_(object),
Object,Other,沙子,sand,
Object,Other,茬,stubble,
Object,Other,奖杯,trophy,
Object,Other,管顶,tube_top,
Object,Other,水瓶,water_bottle,
Object,Other,防晒霜,lotion,
Object,Other,乳液瓶子,lotion_bottle,
